4|1
533|1
5|2
1184|2
2304|2
3255|2
3641|2
6|3
74|3
88|3
275|3
7|4
964|4
8|5
483|5
709|5
2339|5
10|6
4653|6
11|7
67|7
359|7
13|8
13|9
13|10
14|8
2584|8
6727|8
9642|8
15|11
15|12
15|13
22|14
1083|14
3550|14
28|15
29|16
29|17
30|18
226|18
244|18
2169|18
31|19
32|20
131|20
225|20
730|20
1161|20
2004|20
2601|20
3079|20
7826|20
33|21
35|22
35|23
1206|22
1206|23
2521|22
2521|23
5318|22
5318|23
38|24
1481|24
40|25
1271|25
2080|25
2455|25
43|26
43|27
45|28
6216|28
46|29
1794|29
5231|29
47|30
1087|30
48|31
637|31
1980|31
50|32
85|32
278|32
786|32
4862|32
8455|32
8619|32
55|33
3464|33
5783|33
8140|33
57|34
437|34
1547|34
58|35
58|36
58|37
59|38
59|39
59|40
60|41
3792|41
8960|41
61|42
63|43
63|44
64|45
328|45
331|45
616|45
749|45
791|45
908|45
979|45
1052|45
1101|45
1149|45
1426|45
1499|45
1532|45
1685|45
1842|45
1899|45
2433|45
2633|45
2883|45
2991|45
4427|45
8453|45
65|46
297|46
405|46
1074|46
1676|46
1704|46
2098|46
2172|46
2552|46
2770|46
3068|46
3133|46
3202|46
3600|46
4517|46
5330|46
7338|46
7921|46
9972|46
66|47
68|48
71|49
71|50
71|51
72|52
176|52
237|52
243|52
295|52
305|52
349|52
441|52
488|52
553|52
556|52
609|52
670|52
675|52
691|52
703|52
739|52
911|52
944|52
967|52
986|52
1123|52
1139|52
1182|52
1208|52
1261|52
1339|52
1347|52
1360|52
1423|52
1498|52
1576|52
1589|52
1900|52
2041|52
2155|52
2979|52
3756|52
5149|52
5568|52
5903|52
5949|52
6323|52
7887|52
8359|52
8371|52
8630|52
8829|52
8976|52
9139|52
9147|52
9360|52
9923|52
76|6
76|53
76|54
79|55
79|56
79|57
79|58
79|59
80|60
80|61
80|62
80|63
81|64
754|64
2088|64
82|65
236|65
688|65
3528|65
4162|65
6251|65
83|66
83|67
83|68
86|69
123|69
227|69
281|69
343|69
596|69
833|69
963|69
1037|69
1057|69
1092|69
1245|69
1301|69
1388|69
1407|69
1543|69
1573|69
1596|69
1733|69
1902|69
1986|69
2057|69
2212|69
2249|69
2573|69
2607|69
2815|69
3273|69
3300|69
3976|69
7175|69
7868|69
87|70
87|71
89|72
5999|72
90|73
4965|73
7840|73
93|74
9255|74
94|75
94|76
1239|75
1239|76
7277|75
7277|76
9606|75
9606|76
95|77
95|78
97|79
97|80
97|81
100|82
1144|82
1455|82
1752|82
2085|82
2188|82
101|83
344|83
372|83
534|83
943|83
1040|83
1923|83
2579|83
102|84
4646|84
8817|84
103|85
103|86
104|87
815|87
1121|87
4319|87
6634|87
8163|87
106|88
107|89
152|89
169|89
286|89
302|89
420|89
552|89
571|89
622|89
683|89
716|89
821|89
1098|89
2580|89
5219|89
109|90
109|91
109|92
111|93
113|94
114|95
114|96
115|78
557|78
924|78
116|35
116|37
116|36
118|97
848|97
1714|97
3118|97
3311|97
4057|97
119|98
883|98
2561|98
3329|98
3837|98
5257|98
5395|98
6675|98
7640|98
121|99
121|100
124|101
4128|101
5776|101
9158|101
125|16
125|102
125|103
126|104
1105|104
1262|104
1687|104
2045|104
2491|104
2817|104
127|105
193|105
211|105
892|105
1344|105
128|106
1035|106
1333|106
5702|106
129|107
5804|107
130|108
264|108
395|108
401|108
1031|108
3126|108
3764|108
5704|108
6273|108
7251|108
9317|108
132|95
784|95
1152|95
1440|95
2232|95
6227|95
136|109
3997|109
9663|109
138|110
138|111
138|112
141|113
9850|113
143|114
144|115
767|115
145|116
170|116
146|117
494|117
3219|117
147|118
148|119
3322|119
3686|119
4570|119
4842|119
6299|119
150|120
1482|120
9621|120
9854|120
154|16
353|16
714|16
773|16
804|16
855|16
1885|16
2209|16
6417|16
6530|16
6692|16
157|121
157|122
160|66
204|66
2846|66
5872|66
5907|66
6190|66
162|123
162|124
164|125
324|125
813|125
991|125
1671|125
168|52
168|126
3205|52
3205|126
171|6
171|127
172|128
172|129
172|130
172|131
173|132
174|133
177|134
177|135
178|136
2921|136
180|137
180|138
181|139
664|139
184|140
184|141
335|140
335|141
373|140
373|141
416|140
416|141
1258|140
1258|141
1662|140
1662|141
2123|140
2123|141
2620|140
2620|141
2741|140
2741|141
5311|140
5311|141
6097|140
6097|141
7103|140
7103|141
8192|140
8192|141
8857|140
8857|141
185|142
190|143
2590|143
191|144
191|145
191|146
194|147
194|148
194|149
195|150
195|151
196|152
484|152
854|152
951|152
1124|152
1236|152
1389|152
1645|152
2011|152
4282|152
4369|152
8874|152
9523|152
9900|152
198|153
8039|153
8080|153
199|154
200|155
1732|155
5115|155
6501|155
208|156
212|157
2013|157
2029|157
2137|157
2664|157
3141|157
3412|157
5419|157
6283|157
6443|157
9961|157
213|158
213|159
215|160
1730|160
216|161
217|162
217|163
220|164
229|165
229|166
229|167
230|6
230|168
230|169
231|170
5242|170
233|75
233|171
1853|75
1853|171
7755|75
7755|171
234|172
1244|172
1324|172
3919|172
5939|172
9361|172
235|173
262|173
438|173
1028|173
1804|173
1819|173
1834|173
9012|173
238|174
1102|174
1856|174
2233|174
4137|174
6500|174
239|175
1056|175
241|176
245|177
5500|177
7350|177
247|178
5610|178
5873|178
248|16
248|179
248|180
248|181
249|182
587|182
2290|182
250|183
7989|183
251|121
358|121
364|121
391|121
798|121
1348|121
2095|121
2512|121
3047|121
3274|121
3363|121
4877|121
5265|121
5303|121
5446|121
6334|121
7611|121
9698|121
255|184
255|185
287|184
287|185
4298|184
4298|185
256|186
256|187
257|188
257|165
257|189
260|190
1750|190
261|191
8659|191
263|192
2642|192
3132|192
265|193
267|194
1406|194
1599|194
2575|194
3042|194
3067|194
3386|194
4089|194
4133|194
5361|194
5741|194
6757|194
7972|194
268|195
820|195
2486|195
6364|195
8716|195
9862|195
269|196
1468|196
3211|196
3503|196
4141|196
4249|196
6506|196
7695|196
8739|196
9131|196
270|197
270|198
271|199
272|200
272|201
272|202
273|203
825|203
2322|203
3007|203
4313|203
274|204
274|205
274|206
276|207
789|207
890|207
1914|207
2196|207
2624|207
2646|207
2755|207
3072|207
3529|207
3754|207
3978|207
5100|207
5782|207
9463|207
9699|207
9758|207
277|208
282|208
322|208
377|208
666|208
2170|208
2674|208
3103|208
5439|208
5884|208
283|209
283|208
284|210
1250|210
8212|210
290|211
1044|211
291|212
293|213
8726|213
296|214
3303|214
3743|214
6395|214
6409|214
6724|214
298|215
298|216
298|217
299|218
299|219
300|220
301|221
5437|221
6768|221
7668|221
8565|221
304|222
306|222
2000|222
2281|222
9373|222
308|223
411|223
509|223
634|223
761|223
1894|223
3045|223
311|224
312|208
312|225
313|226
315|227
315|228
316|229
374|229
1449|229
1460|229
1710|229
1976|229
2250|229
2279|229
2321|229
3135|229
3893|229
4079|229
6450|229
9295|229
317|230
6057|230
9187|230
318|231
320|232
4178|232
321|233
323|234
323|235
325|236
476|236
704|236
1936|236
2089|236
4130|236
4392|236
4697|236
5058|236
6322|236
8735|236
9722|236
326|237
9300|237
329|238
329|239
333|240
1814|240
3173|240
4058|240
337|241
1042|241
338|242
2653|242
6840|242
339|243
339|244
1984|243
1984|244
341|55
341|56
341|58
341|59
342|245
399|245
4641|245
9048|245
348|246
3723|246
350|247
350|248
352|249
354|250
763|250
1642|250
2508|250
5629|250
6389|250
6460|250
6934|250
7002|250
8019|250
357|251
357|252
360|253
360|254
361|66
361|255
361|256
362|257
493|257
1106|257
2781|257
2794|257
2860|257
2957|257
3061|257
6575|257
8312|257
8859|257
365|144
365|258
366|259
687|259
2174|259
2788|259
5180|259
6471|259
7738|259
8721|259
371|260
633|260
1179|260
4034|260
4175|260
5141|260
5381|260
6123|260
6318|260
7012|260
7476|260
7904|260
375|261
935|261
1650|261
5382|261
6063|261
8733|261
378|262
662|262
1242|262
1310|262
380|263
380|264
520|263
520|264
1282|263
1282|264
3828|263
3828|264
381|265
6806|265
382|3
382|266
383|267
2379|267
7561|267
385|268
387|269
387|270
7333|269
7333|270
390|213
390|99
390|271
390|272
396|273
7178|273
397|274
397|275
398|276
400|277
5630|277
7365|277
402|278
512|278
2365|278
2468|278
5389|278
6385|278
7037|278
7281|278
9114|278
403|279
403|280
404|281
406|282
407|283
697|283
2037|283
3456|283
3588|283
4237|283
4363|283
6990|283
408|284
1969|284
5765|284
409|285
3236|285
7572|285
8905|285
9406|285
9639|285
412|286
413|85
6732|85
414|287
5738|287
8230|287
9715|287
417|288
421|289
2003|289
424|290
424|291
424|292
425|293
425|294
426|295
426|296
427|77
3699|77
6898|77
7838|77
430|263
430|297
1082|263
1082|297
1270|263
1270|297
1613|263
1613|297
1703|263
1703|297
435|298
5350|298
436|299
439|300
439|301
439|302
442|303
1142|303
1519|303
1729|303
2084|303
2500|303
7003|303
443|304
541|304
615|304
667|304
831|304
1215|304
1667|304
1789|304
2456|304
2870|304
3372|304
4033|304
445|305
7871|305
446|306
514|306
769|306
1461|306
3594|306
5508|306
6187|306
8979|306
448|307
451|6
451|308
453|309
9928|309
454|310
454|311
1921|310
1921|311
1939|310
1939|311
3014|310
3014|311
5590|310
5590|311
5683|310
5683|311
8669|310
8669|311
456|312
1186|312
2380|312
457|313
4538|313
458|314
459|315
459|316
2058|315
2058|316
462|317
464|294
2082|294
2236|294
4778|294
9223|294
465|318
1107|318
1748|318
1879|318
2583|318
2589|318
2704|318
2708|318
3401|318
4098|318
4431|318
466|319
466|4
466|320
466|321
467|322
1281|322
3911|322
468|323
469|324
469|245
469|325
470|326
470|327
471|6
471|328
471|53
471|329
472|330
474|331
900|331
2503|331
4120|331
5258|331
478|332
478|333
478|334
479|335
479|336
479|337
479|338
482|339
6793|339
485|134
485|340
485|341
4104|134
4104|340
4104|341
487|342
575|342
640|342
660|342
693|342
1296|342
1564|342
1592|342
1677|342
2594|342
3416|342
3797|342
5343|342
5739|342
489|343
495|344
807|344
1238|344
1557|344
3092|344
4020|344
6895|344
497|345
498|128
498|346
498|131
498|129
499|347
1908|347
2806|347
5128|347
5238|347
5973|347
7800|347
502|348
502|349
504|350
3140|350
4327|350
4482|350
5909|350
6437|350
6957|350
7489|350
8854|350
508|351
513|352
513|353
513|354
515|355
2939|355
3216|355
3963|355
4544|355
6588|355
516|356
1873|356
4139|356
5407|356
518|357
518|358
522|359
1385|359
2543|359
3269|359
3566|359
4828|359
5947|359
523|360
7155|360
9743|360
524|361
529|362
529|363
530|16
530|179
530|180
530|364
530|17
531|365
531|366
532|367
532|368
532|369
532|370
537|371
538|372
8802|372
540|74
540|373
545|374
545|375
546|376
547|215
547|377
549|378
2260|378
550|379
1060|379
2357|379
3287|379
5286|379
551|380
1892|380
2848|380
4609|380
555|381
555|16
559|382
559|383
559|384
560|385
560|386
560|387
560|388
561|389
561|390
564|391
567|392
7914|392
570|393
795|393
1421|393
2193|393
3195|393
3476|393
4384|393
5474|393
9083|393
573|394
574|395
4013|395
5274|395
9391|395
576|396
577|397
578|52
578|398
579|399
1488|399
9210|399
580|400
582|401
584|402
585|403
585|404
6444|403
6444|404
7217|403
7217|404
7807|403
7807|404
8158|403
8158|404
8567|403
8567|404
9092|403
9092|404
590|66
590|405
591|406
591|407
592|408
592|409
592|410
592|411
594|412
594|413
595|414
597|415
597|416
597|417
601|418
2078|418
8699|418
9194|418
604|419
605|420
1007|420
1579|420
6748|420
606|421
606|422
608|423
608|424
610|425
611|4
611|426
611|427
613|428
1012|428
1361|428
1699|428
2359|428
614|158
614|429
614|430
614|431
617|432
618|306
618|433
619|434
621|435
1221|435
1740|435
2787|435
3304|435
3871|435
4815|435
625|436
3861|436
4724|436
4838|436
5519|436
5587|436
7634|436
8683|436
626|437
5253|437
627|438
627|439
1402|438
1402|439
629|22
629|440
708|22
708|440
1506|22
1506|440
5132|22
5132|440
630|441
630|442
635|443
635|444
638|445
9588|445
639|446
639|447
639|448
646|449
646|450
647|451
694|451
1072|451
1268|451
2046|451
3993|451
649|263
649|264
649|297
650|452
651|453
651|454
653|455
653|456
8532|455
8532|456
654|457
658|457
3064|457
657|458
659|459
690|459
661|460
661|461
663|462
668|463
669|464
669|465
673|466
1792|466
2613|466
3186|466
7559|466
674|467
1103|467
1746|467
4095|467
4490|467
677|468
678|469
3160|469
4577|469
679|470
4886|470
6778|470
680|471
682|472
689|473
698|474
4093|474
7087|474
699|475
699|476
701|334
701|477
702|478
702|479
705|480
705|52
1288|480
1288|52
1795|480
1795|52
1987|480
1987|52
2352|480
2352|52
3937|480
3937|52
5188|480
5188|52
5763|480
5763|52
706|475
706|481
706|482
707|483
9272|483
710|484
715|269
717|485
6224|485
718|486
887|486
2314|486
3388|486
4777|486
719|487
744|487
2694|487
720|488
5523|488
9798|488
721|489
723|490
727|491
727|492
728|493
728|214
2096|493
2096|214
3740|493
3740|214
731|494
733|495
734|496
735|144
735|497
735|498
736|499
737|500
741|501
743|502
2423|502
3036|502
4216|502
4979|502
745|503
1810|503
753|504
2110|504
3679|504
3932|504
4739|504
757|505
4555|505
9860|505
758|506
2661|506
2841|506
3545|506
3933|506
762|507
765|508
765|496
766|208
766|509
766|510
766|511
766|512
766|513
768|514
1176|514
5766|514
770|16
770|515
771|162
1326|162
3208|162
3788|162
772|516
772|517
775|518
6241|518
776|519
7861|519
777|520
1111|520
3011|520
3567|520
3610|520
3912|520
4360|520
4390|520
4400|520
5427|520
7678|520
7699|520
7751|520
7867|520
8227|520
9511|520
778|90
778|521
779|522
5448|522
780|523
780|524
782|525
7562|525
787|526
7207|526
788|527
788|528
790|529
3399|529
792|530
792|531
792|532
792|533
792|534
792|535
792|536
793|537
2985|537
797|538
797|539
797|540
799|541
1578|541
1719|541
1922|541
2213|541
2657|541
2735|541
2862|541
3374|541
3803|541
3804|541
3806|541
3924|541
4085|541
4124|541
4387|541
4713|541
4789|541
4795|541
5195|541
5304|541
5485|541
5507|541
5558|541
5775|541
5936|541
6073|541
6539|541
6807|541
6833|541
7223|541
8093|541
8444|541
8986|541
9026|541
9427|541
9890|541
800|542
801|543
5942|543
6406|543
8405|543
802|544
803|545
803|546
803|547
7966|545
7966|546
7966|547
8890|545
8890|546
8890|547
9245|545
9245|546
9245|547
9457|545
9457|546
9457|547
9536|545
9536|546
9536|547
9673|545
9673|546
9673|547
808|548
2565|548
9551|548
809|33
809|549
811|550
3312|550
5726|550
818|52
818|551
819|552
7429|552
822|553
9240|553
826|554
826|555
829|556
1949|556
6128|556
830|557
5887|557
7437|557
839|16
839|17
839|179
839|180
844|493
844|558
844|559
845|560
4457|560
846|8
846|549
852|561
852|212
853|562
5589|562
7246|562
857|563
863|564
863|565
865|52
865|566
866|567
867|568
7486|568
868|569
868|570
868|571
868|572
869|573
869|574
870|575
870|576
872|123
872|577
874|578
876|579
7011|579
9125|579
877|580
877|581
877|582
878|583
879|584
879|585
879|586
881|587
2421|587
7279|587
7923|587
882|588
1081|588
4682|588
4905|588
5705|588
5743|588
6439|588
6760|588
7544|588
7841|588
8386|588
9440|588
9454|588
885|589
886|590
888|591
895|592
5146|592
6168|592
896|593
9188|593
9930|593
899|594
899|477
901|595
1011|595
2133|595
2524|595
8486|595
9650|595
903|184
905|596
905|597
906|598
5368|598
913|599
913|600
913|601
915|52
915|602
916|603
919|604
6066|604
7970|604
920|605
920|606
921|607
921|608
925|464
925|609
3511|464
3511|609
4108|464
4108|609
4502|464
4502|609
5198|464
5198|609
5774|464
5774|609
6604|464
6604|609
926|610
929|611
1868|611
4613|611
930|612
2204|612
9519|612
931|613
931|614
932|615
934|616
937|617
939|618
4900|618
940|619
1017|619
2065|619
7044|619
9719|619
941|620
6889|620
948|621
4972|621
5187|621
6049|621
950|622
1767|622
954|623
956|624
6011|624
7517|624
7594|624
959|625
959|626
961|627
961|628
966|629
3240|629
968|630
969|631
7950|631
9946|631
971|632
971|633
973|634
5955|634
974|253
1620|253
4326|253
4515|253
9085|253
975|635
975|636
976|637
976|121
977|638
977|639
983|640
984|641
984|642
985|643
1154|643
1349|643
1683|643
2246|643
2707|643
987|644
987|645
987|646
989|647
2203|647
3779|647
6668|647
8281|647
9764|647
9810|647
990|648
990|649
993|650
997|651
998|652
998|653
1001|654
1001|655
1003|656
1235|656
6857|656
1005|657
1928|657
4354|657
7359|657
9579|657
1006|658
1006|659
1006|660
1009|661
9752|661
1010|523
1788|523
3628|523
4483|523
5207|523
5580|523
6361|523
6590|523
6920|523
7254|523
8978|523
9566|523
1013|662
1015|137
1015|663
1019|377
4768|377
5073|377
1020|412
1020|664
1021|82
1021|665
1021|666
1021|667
1025|668
4643|668
4861|668
1030|669
1041|134
1041|670
1041|671
1041|672
1041|673
1046|674
1046|675
1047|676
1047|677
1048|678
6564|678
1051|679
1055|680
2440|680
6818|680
8175|680
8973|680
9966|680
1061|681
4525|681
7714|681
1064|682
1064|683
1068|684
5462|684
1069|685
1069|686
2895|685
2895|686
1073|687
1073|688
1075|52
1075|689
1076|690
1077|691
1077|692
1077|693
1077|694
1077|695
1078|696
1080|697
7190|697
1084|334
1664|334
3210|334
6326|334
1085|698
1125|698
1409|698
1793|698
1822|698
4045|698
1088|382
1088|699
1088|700
1090|701
1094|702
3585|702
4996|702
1096|703
1096|704
1096|705
1096|706
1096|707
1096|708
1096|709
1096|710
1096|711
1096|712
1096|713
1096|714
1096|715
1096|716
1096|717
1096|718
1096|719
1096|720
1096|721
1097|722
1097|723
1099|724
1099|725
1099|726
1099|727
1099|728
1099|729
1108|730
1108|731
1108|732
1108|733
1113|734
1113|735
9667|734
9667|735
1114|736
1114|737
1115|738
1120|739
1120|740
1120|741
1129|742
1129|4
1130|743
1562|743
1568|743
2331|743
6289|743
1132|744
1133|745
5191|745
8452|745
9025|745
1135|625
1135|746
1136|747
4856|747
1138|748
2048|748
2055|748
2401|748
2723|748
2849|748
3155|748
3161|748
3277|748
3355|748
3394|748
3906|748
4636|748
5121|748
5459|748
5770|748
5781|748
6174|748
7053|748
7158|748
7348|748
8431|748
8608|748
1141|749
1145|750
1146|751
9208|751
1148|752
3867|752
8930|752
9949|752
1150|753
2539|753
3367|753
3945|753
4040|753
6028|753
6134|753
6696|753
7463|753
9288|753
1156|717
1156|754
1156|755
1156|756
1156|757
1156|758
1156|759
1156|760
1156|761
1156|762
1156|763
1156|764
1156|765
1156|766
1157|228
1157|227
1158|767
4062|767
5052|767
6333|767
9407|767
1159|768
1162|769
1164|770
1167|638
1167|771
1167|772
1168|773
1168|774
1171|775
5216|775
1174|776
1178|35
1178|777
1180|778
1180|779
1180|780
1180|781
1185|782
1187|783
1187|784
2535|783
2535|784
3294|783
3294|784
1188|785
4762|785
1189|786
9347|786
1190|787
3952|787
1192|788
3228|788
4950|788
1193|789
1193|548
1195|790
5734|790
6242|790
8722|790
9542|790
1198|791
1199|792
1199|793
1199|794
1202|795
1202|796
1204|215
1555|215
1205|263
1205|797
1207|798
1207|799
1207|800
1211|801
1211|802
1211|803
1212|804
2136|804
1214|625
8440|625
1216|805
6047|805
1220|806
6105|806
7285|806
1222|38
1222|39
1224|807
3609|807
6997|807
1229|808
1230|809
2828|809
1231|810
7133|810
1234|811
1237|812
6050|812
8186|812
8464|812
1241|813
1241|814
2248|813
2248|814
3667|813
3667|814
6231|813
6231|814
8576|813
8576|814
1247|815
3857|815
6130|815
1252|816
1255|817
1256|818
1260|467
1260|819
3713|467
3713|819
1266|820
1269|821
9217|821
1272|822
1274|823
1274|824
1277|825
3591|825
8707|825
1279|826
3193|826
3333|826
5206|826
5526|826
5929|826
7471|826
7905|826
8349|826
8446|826
8781|826
8800|826
9731|826
9748|826
1280|827
1280|828
1283|829
9790|829
1286|830
1286|245
1292|52
1292|831
1294|549
5882|549
6687|549
1297|832
5105|832
1299|833
1503|833
2025|833
2274|833
3027|833
3428|833
4316|833
4872|833
1300|834
1303|835
1306|836
1307|837
4834|837
1309|838
1311|839
4337|839
4513|839
4920|839
5095|839
5220|839
6552|839
6566|839
7454|839
9145|839
9267|839
9907|839
1312|840
4220|840
8071|840
9232|840
1313|841
2651|841
4749|841
5885|841
1314|842
1315|843
3849|843
1316|844
1317|845
1318|846
1444|846
1960|846
2344|846
4421|846
4960|846
5460|846
5865|846
6320|846
8805|846
1320|306
1320|847
1327|848
3306|848
7212|848
1329|849
1329|850
1330|851
1331|852
1331|853
1334|854
1338|294
1338|855
1345|856
8258|856
1354|213
1354|857
1355|858
1357|859
1364|134
1364|860
1364|861
1365|862
1367|863
1369|864
2343|864
1370|865
5787|865
1371|866
4417|866
9878|866
1372|867
1647|867
3538|867
4235|867
1375|868
1378|869
7917|869
9834|869
1382|870
1382|871
1382|872
1382|873
1383|874
1383|875
1384|876
1384|877
1386|878
2234|878
3293|878
3812|878
6381|878
7564|878
8457|878
1392|879
3598|879
5482|879
6750|879
7257|879
8489|879
1393|880
5908|880
7769|880
1395|881
1401|882
1403|883
1427|883
1770|883
4001|883
1404|884
5138|884
1408|885
1408|886
1411|887
1415|888
1417|889
1430|889
3574|889
1419|890
1419|52
1419|891
1419|892
1420|893
1432|894
1432|895
1432|896
1433|897
1508|897
1434|898
1435|899
7227|899
8289|899
1437|900
1438|901
1439|902
1441|903
1441|904
1443|905
1445|906
6710|906
1446|907
1446|908
1446|909
1447|910
2039|910
7504|910
1451|348
4432|348
7931|348
1453|911
1453|912
1454|913
1458|914
1462|915
1464|916
1464|917
1464|918
1464|919
1465|920
3613|920
1466|921
1466|922
1469|923
1469|924
1475|925
1475|926
3272|925
3272|926
4264|925
4264|926
4980|925
4980|926
7114|925
7114|926
1477|66
1477|927
1477|68
1478|928
1486|165
1486|166
1486|929
1487|930
1492|931
1492|932
1494|933
2162|933
3250|933
7379|933
1495|934
1507|935
1509|594
1509|936
1511|937
1511|938
1512|939
1514|940
3570|940
1515|941
1516|942
3069|942
5529|942
1518|943
1518|944
1520|945
1522|946
7673|946
8809|946
1524|947
1526|948
1527|949
1529|22
2902|22
3146|22
3383|22
3409|22
4160|22
5812|22
9473|22
1538|795
6181|795
6454|795
6737|795
6870|795
7828|795
8366|795
8439|795
9772|795
9977|795
1539|950
8124|950
1544|951
5700|951
8127|951
1551|952
1558|953
9867|953
1561|954
1561|955
1561|956
1561|957
1565|958
3551|958
4586|958
5123|958
9574|958
1566|594
1567|959
1567|960
1567|961
1569|962
1569|963
1570|964
1739|964
3033|964
4081|964
6944|964
1571|965
1571|966
1571|967
1572|208
1572|968
1572|969
1572|970
1572|511
1572|971
1574|972
1574|973
1575|3
1575|974
1575|975
1577|976
3603|976
4740|976
1580|977
1580|978
1581|979
3091|979
3410|979
6264|979
7586|979
7644|979
8360|979
1582|980
1583|981
1583|266
1584|982
1584|983
1586|984
1587|985
1587|986
1594|987
7890|987
9186|987
1595|988
1598|989
5354|989
6025|989
1601|990
9344|990
1603|991
1603|992
1605|993
1610|994
7652|994
8073|994
1615|995
1615|996
1621|997
4117|997
8046|997
1622|35
3252|35
8471|35
1623|998
1623|498
1623|999
1623|1000
1624|1001
1624|1002
1624|1003
1625|1004
1631|306
1631|1005
1631|1006
1632|824
6514|824
1635|1007
1635|1008
4690|1007
4690|1008
1639|1009
1640|1010
1643|1011
1644|1012
1648|1013
1648|1014
1649|1015
2671|1015
3136|1015
3299|1015
5097|1015
5914|1015
6261|1015
6383|1015
6436|1015
8075|1015
8340|1015
9828|1015
1656|1016
5658|1016
8053|1016
1657|1017
3338|1017
3650|1017
5076|1017
6475|1017
7593|1017
8975|1017
9630|1017
1659|1018
3397|1018
9225|1018
1660|1019
1660|1020
1661|1021
1663|22
1663|1022
1666|16
1666|1023
1670|1024
1670|1025
1670|219
1672|1026
8051|1026
1675|959
1679|1027
1681|1028
1681|1029
1681|1030
1684|1031
1686|1032
1686|1033
5232|1032
5232|1033
9157|1032
9157|1033
1688|612
1688|1034
1691|1035
1692|1036
1692|1037
1695|848
1695|1038
1697|1004
1697|1039
1698|1040
1698|1041
1698|1042
1698|1043
1698|52
1700|1044
8516|1044
1705|1045
1706|278
1706|1046
1707|1047
1708|1048
2062|1048
2145|1048
4304|1048
5926|1048
6587|1048
1711|1049
2610|1049
2938|1049
3016|1049
3516|1049
5696|1049
7542|1049
1715|1050
1717|278
1717|1051
1720|1052
2161|1052
3655|1052
8268|1052
1721|1053
1724|1054
2951|1054
5857|1054
1725|165
1725|166
3813|165
3813|166
1728|1055
1734|1056
1736|1057
9335|1057
1738|1058
5535|1058
1747|1059
1747|1060
1749|1061
1756|1062
1756|1063
1757|1064
1758|1065
1761|1066
1762|1067
1765|1068
9151|1068
1771|1069
1771|1070
1775|1071
1777|1072
1777|1073
1778|1074
1781|1075
5400|1075
6084|1075
7753|1075
1783|1076
1783|1077
1784|278
1784|1078
1785|1079
1786|1080
1787|1081
9445|1081
9829|1081
1790|1082
1797|1083
3581|1083
4426|1083
6154|1083
1800|253
1800|1084
1800|1085
1806|1086
9516|1086
1807|1087
1815|1088
1815|1089
1816|1090
3013|1090
6152|1090
8294|1090
9538|1090
1826|1091
3671|1091
5162|1091
7316|1091
7742|1091
1829|1092
1836|1093
1836|1094
1836|1095
1839|1096
1840|1097
2545|1097
4105|1097
5659|1097
6731|1097
6918|1097
7112|1097
8050|1097
1841|467
1841|1098
1843|1099
2630|1099
3194|1099
1844|1100
1844|1101
1845|98
1845|1102
1847|421
8152|421
9936|421
1851|1103
1855|1104
1859|1105
2621|1105
4660|1105
5215|1105
7059|1105
7478|1105
1862|1106
2640|1106
2977|1106
1865|1107
7419|1107
1866|1108
4563|1108
1874|1109
6107|1109
1875|1110
2731|1110
6373|1110
6618|1110
8585|1110
1877|1111
1877|38
1878|1076
6104|1076
1881|1112
1881|1113
2873|1112
2873|1113
8961|1112
8961|1113
1882|1114
1882|1115
5082|1114
5082|1115
1883|1116
1883|1117
1884|1118
1884|1119
1884|1120
1884|1121
1886|1122
1886|1123
1886|1124
1887|1125
1887|1126
1887|1127
1888|1128
1895|208
1895|1129
1895|1130
1895|1131
1895|510
1895|511
1895|512
1895|1132
1897|1133
3831|1133
9265|1133
1904|208
1904|1134
1904|1135
1904|512
1907|1136
1909|1137
1910|294
1910|1138
1910|1139
1912|1140
1920|1141
1926|1142
1926|1143
3129|1142
3129|1143
1927|1144
1929|1145
1933|1146
3438|1146
5002|1146
1935|1147
7803|1147
1940|1148
6405|1148
1941|1149
2914|1149
1942|1150
1943|1151
5233|1151
1947|1152
1954|1153
1954|1154
1955|247
2703|247
5122|247
1957|1155
1967|1156
1967|1157
1967|1158
1970|1139
9506|1139
1973|1159
1974|1160
1978|1161
4932|1161
1985|300
1985|1162
4119|300
4119|1162
1988|1163
5325|1163
1990|1164
1990|1165
1992|1166
1996|1167
1996|220
1996|1168
1996|365
1998|1169
3890|1169
1999|1170
6787|1170
2001|1171
2002|128
2002|131
2005|1172
2603|1172
2899|1172
3334|1172
3767|1172
8282|1172
8427|1172
9070|1172
2007|1173
2010|1174
2015|1175
2020|1176
6988|1176
8463|1176
2022|1177
2024|123
2024|1178
3342|123
3342|1178
2026|682
2026|1179
2027|1180
2027|291
2698|1180
2698|291
2033|1181
7450|1181
2035|83
2035|1182
2036|1183
2060|1183
5640|1183
2042|1184
2044|1185
4836|1185
8977|1185
2051|1186
2053|1187
2061|1188
2063|1189
4722|1189
2064|412
2064|1190
2067|1191
2068|1192
2073|1193
2323|1193
2595|1193
3029|1193
3569|1193
3620|1193
3640|1193
3760|1193
4353|1193
4756|1193
4924|1193
5423|1193
5525|1193
6200|1193
6306|1193
6324|1193
6399|1193
2075|1194
4087|1194
7308|1194
7558|1194
8148|1194
2076|294
2076|1195
2083|1196
3183|1196
3738|1196
3984|1196
5248|1196
5902|1196
7447|1196
2087|1197
8094|1197
2092|1198
8481|1198
2093|890
2093|891
2093|892
2093|52
2097|137
2099|1199
2099|1200
2100|367
2102|1201
6517|1201
2103|77
2103|1202
2107|1203
2107|1204
2108|1205
2108|1206
2108|1207
2108|1208
2111|1209
2111|225
2114|1210
6199|1210
2115|1211
8229|1211
2117|1212
2122|1213
2980|1213
2124|1214
2127|1182
2129|1215
2131|1216
2131|1217
2131|1218
2132|1219
2132|1220
2139|1221
2142|55
2142|56
2142|59
2143|1222
2143|1223
2143|1224
2144|1225
2147|1226
8138|1226
2148|1227
2151|792
2151|1228
2157|1079
2157|1229
2158|215
2158|308
2163|1230
2163|1231
2163|1232
2166|1233
2166|1234
2168|66
2168|1235
2173|1236
5938|1236
2175|1237
3421|1237
2176|121
2176|1238
2177|1239
2177|1240
2181|1241
2181|1242
2186|1243
4129|1243
4153|1243
5086|1243
9280|1243
2187|1244
2187|1245
2190|1246
2191|1247
2191|1248
2192|1249
4317|1249
2197|382
2199|1153
2993|1153
2205|1250
2206|420
2206|1251
2206|1252
2206|1253
2206|1254
2206|1255
2206|1256
2206|1257
2206|1258
2206|1259
2206|1260
2206|1261
2206|1262
2206|1263
2210|972
3403|972
7728|972
2216|1264
2218|1265
5901|1265
2220|615
2220|1266
2221|1267
2222|1268
2226|656
2226|1269
4661|656
4661|1269
8623|656
8623|1269
2227|1270
2228|1271
2229|1272
2230|1002
3120|1002
4275|1002
4445|1002
2231|1273
2240|1274
2243|1275
2247|1276
2247|1277
2251|1278
6907|1278
8938|1278
9771|1278
2253|1279
8121|1279
2255|1280
2256|1281
2257|1282
2259|290
2259|291
2263|1283
2266|1284
6886|1284
2273|1285
2280|266
3180|266
4770|266
8842|266
2284|1286
2286|1287
2286|1288
2288|1289
2289|1290
5175|1290
7934|1290
8995|1290
9270|1290
2292|1291
2292|1292
2295|1293
2295|1294
2297|1287
2297|1295
2298|1296
2300|883
2300|1297
5113|883
5113|1297
5674|883
5674|1297
6642|883
6642|1297
6720|883
6720|1297
8663|883
8663|1297
2302|1298
2305|1299
2308|1300
2309|4
2309|426
2309|1248
2310|1301
8513|1301
9529|1301
2311|1302
2311|1303
2311|992
2315|38
2315|1304
2316|1305
6892|1305
7008|1305
9392|1305
2318|1306
2318|1307
2320|1308
2326|1309
2326|39
2327|909
2328|965
2328|1310
2328|849
2329|1311
2329|1312
2329|1313
2330|1314
2748|1314
2334|1315
2335|1316
2336|1317
2336|1318
2336|1319
2337|1320
2337|1321
2338|1322
8521|1322
2340|1323
2546|1323
4009|1323
5355|1323
2342|734
2342|1324
2342|1325
2346|1326
2348|1327
2349|1328
2349|1329
2350|1330
2353|208
2353|1331
2353|1332
2353|1333
2353|968
2353|1334
2353|510
2353|511
2353|512
2353|1335
2354|467
2354|1336
4813|467
4813|1336
6728|467
6728|1336
2355|627
2360|1337
2362|1338
2363|1339
2366|1340
2366|1341
2366|1342
2367|1343
5456|1343
2368|1344
2370|1345
2370|1346
2370|1347
2371|1348
3835|1348
4302|1348
7331|1348
9273|1348
2372|1349
2874|1349
3097|1349
3213|1349
3258|1349
3605|1349
3873|1349
4172|1349
4259|1349
4430|1349
4615|1349
4754|1349
5006|1349
5174|1349
5411|1349
5522|1349
5818|1349
6267|1349
6942|1349
6994|1349
7631|1349
7704|1349
7968|1349
7982|1349
8860|1349
9493|1349
2374|1350
3692|1350
2375|1351
2517|1351
4286|1351
5756|1351
6695|1351
8786|1351
8849|1351
9233|1351
2378|1352
3204|1352
3209|1352
3766|1352
4362|1352
4547|1352
4600|1352
4631|1352
5534|1352
5790|1352
5916|1352
6360|1352
8765|1352
9565|1352
2386|916
2387|1353
2388|1354
2396|1355
2397|1356
2397|1357
2397|1358
2397|1238
2403|556
2403|1359
2403|1360
2409|1361
4847|1361
6526|1361
7853|1361
7891|1361
2414|1362
2419|75
5699|75
8782|75
2420|1363
8487|1363
2424|1364
2425|1365
2426|367
2426|1366
2435|1367
7658|1367
2436|1368
2438|1369
7878|1369
2439|1370
2441|1371
2442|1372
2442|1373
2444|1374
3335|1374
2446|1375
2446|1376
2449|1377
2450|1378
2454|1379
8330|1379
2459|903
2459|1380
2459|1381
2462|1382
7397|1382
2463|1383
2465|1384
2466|1385
5716|1385
7832|1385
2467|1386
2467|84
8746|1386
8746|84
9796|1386
9796|84
2473|1387
2474|1388
2474|1389
2478|1390
2479|1391
2479|1392
2479|1393
2481|1394
2482|1395
2482|1396
2484|1397
2484|77
2484|1398
2485|1399
5930|1399
2490|1400
2490|1347
2490|1401
2492|1402
2492|353
2492|354
2495|1403
2496|1404
6827|1404
2498|1405
6996|1405
2499|26
2499|1139
2499|1406
2499|1407
2505|1408
2514|208
2514|1409
2514|1043
2514|1410
2516|1411
9042|1411
2523|1412
2526|1209
2526|1413
5401|1209
5401|1413
7299|1209
7299|1413
2530|1414
2534|1415
2538|1416
2540|1417
2541|1418
2541|1419
2541|1420
2544|1421
2548|1422
2548|1423
2548|1424
2555|1425
8517|1425
2557|1426
2557|1427
2559|1428
2559|1429
2560|1430
2560|1431
2566|1432
2572|1433
2578|1434
2582|1435
2582|1436
2586|1437
2588|1438
7472|1438
9929|1438
2592|1439
5518|1439
2597|874
2597|1440
2598|1441
2598|1442
2600|382
2600|1443
2615|1444
2617|1445
2618|1446
2627|1447
2627|1448
2628|1449
2628|1450
2635|1451
2636|1452
3307|1452
2637|1153
2637|1453
2638|1454
2643|887
2643|1455
2644|1456
2647|1457
2647|1458
2649|1459
2650|1460
2650|1461
2652|1462
2654|1463
3500|1463
4914|1463
6380|1463
6744|1463
7464|1463
7747|1463
2655|1464
2655|1465
2655|1466
2655|1467
2656|1468
2656|1200
2660|1469
2663|1470
2663|1471
2667|1472
2668|1473
2670|1474
2670|1475
2672|1476
2675|1477
8803|1477
2678|1478
2678|1479
2678|1480
2678|1481
2678|1482
2679|1483
2680|1484
2680|1485
2681|1486
4721|1486
9518|1486
2686|1487
2686|1488
2688|1489
2853|1489
3184|1489
2689|1490
2689|1491
2696|1492
2700|1493
2702|1494
8901|1494
2709|1495
2709|1496
2713|1497
2716|1498
2717|1499
2720|1500
2724|1501
2725|1502
2726|1503
4143|1503
4165|1503
2727|1504
2729|1505
2729|1506
2729|1507
2732|1508
2732|1509
2736|1510
2738|1511
2738|1512
2739|1513
8409|1513
2742|1514
2743|1515
2744|1516
2747|1517
4704|1517
5024|1517
6808|1517
8692|1517
2749|1518
4991|1518
2752|1519
2753|1520
2753|1521
4389|1520
4389|1521
8201|1520
8201|1521
2757|1522
2758|1523
2758|1524
2760|144
2760|1525
6568|144
6568|1525
2761|1526
2763|1527
2763|1528
2765|1529
2766|1530
2769|1531
2771|1532
3691|1532
5211|1532
8017|1532
2772|1533
2775|1534
2777|1535
2778|1536
8993|1536
2784|1537
2789|1538
3925|1538
6908|1538
8631|1538
9333|1538
9852|1538
2790|1539
5664|1539
2795|1540
6127|1540
2796|1541
2797|290
2797|1542
2797|1543
2801|1544
2804|1545
2804|1546
2805|1547
2809|1548
2810|1549
3076|1549
3131|1549
2818|1550
8065|1550
2820|1551
2823|1552
2824|1553
2827|1554
3841|1554
5061|1554
6069|1554
6276|1554
6975|1554
7889|1554
8199|1554
8399|1554
9628|1554
9866|1554
2829|1555
2831|1556
2832|1557
2834|1558
2834|884
2837|1559
2837|1560
2838|1561
2839|1562
6358|1562
2840|1563
2844|1564
2844|1565
2847|1566
2851|1523
2851|1567
2852|1568
2852|1569
2854|1570
4383|1570
2855|1571
2856|1572
3847|1572
9786|1572
2857|1573
2867|1574
2867|1575
2869|1576
4640|1576
5346|1576
8818|1576
2875|1577
2875|1578
2875|1015
2876|1579
2879|1580
3348|1580
2885|1581
2885|1560
2892|1582
2892|579
3151|1582
3151|579
2896|560
2896|1583
2897|1584
5625|1584
8045|1584
9514|1584
2898|254
6602|254
7349|254
8799|254
9376|254
2903|534
2903|1585
2905|1586
2906|1587
2906|1588
2906|1238
2906|1589
2907|1590
4201|1590
2908|1591
2910|1592
2910|1593
2912|1594
9874|1594
2915|1595
2917|1596
2918|1597
8566|1597
2922|1598
2922|1599
2922|1600
9783|1598
9783|1599
9783|1600
2925|1601
2926|234
2926|1602
8456|234
8456|1602
2927|1603
3894|1603
2928|1604
2931|1605
2931|1606
2933|1607
2934|9
2934|1608
2934|1609
2937|208
2937|1610
2937|970
2937|1611
2937|1332
2937|1612
2937|1333
2937|512
2943|1613
2945|1614
3856|1614
7093|1614
2946|1615
2948|1616
2950|1617
2950|1618
2952|627
2952|1139
2953|1619
6917|1619
2956|1620
2956|1621
2958|1622
2960|1623
2960|1624
2963|1625
5968|1625
7977|1625
2967|1626
2967|1627
2969|1628
5506|1628
6353|1628
8320|1628
2973|1629
2975|1630
2975|1631
2975|1632
2975|1633
2975|1634
2975|1635
2975|1636
2975|1637
2975|1638
2975|1639
2975|1640
2975|1641
2975|1642
2975|1643
2975|1644
2978|1645
2982|1646
2982|1647
2999|464
2999|1648
2999|1649
3002|1028
3002|1650
3003|1651
3008|1652
3009|401
3009|1653
9762|401
9762|1653
3012|1654
3018|1655
5014|1655
5077|1655
5135|1655
5797|1655
5801|1655
6146|1655
6304|1655
6715|1655
6742|1655
7570|1655
8002|1655
8012|1655
8030|1655
8514|1655
8830|1655
9000|1655
9068|1655
9885|1655
3020|158
3020|1656
3020|1657
3021|1658
3022|365
3022|1659
3022|1660
3024|1661
3026|1662
3028|1663
4385|1663
5182|1663
7209|1663
3034|1664
4557|1664
5305|1664
6300|1664
3037|278
3037|1665
3037|1666
3038|1667
3041|1668
3041|1669
3046|1670
3048|1671
3048|1672
3049|1673
6593|1673
3051|1674
3054|1116
3055|208
3055|1130
3055|1675
3055|1676
3056|1677
3059|1678
3062|1679
3062|1680
3065|1681
3065|541
3071|1682
3572|1682
5081|1682
3074|1683
6317|1683
3077|1684
3077|1078
3078|423
3078|1685
3082|208
3082|1686
3082|1687
3082|1160
3085|137
3085|1688
3086|208
3086|1611
3086|1612
3086|1334
3086|1610
3086|1689
3086|1686
3086|1690
3086|1691
3086|512
3088|66
3088|1692
3088|1693
3090|1694
3093|1695
3093|1696
5990|1695
5990|1696
3094|1697
3094|1698
3099|1699
4026|1699
5538|1699
6386|1699
6418|1699
9121|1699
3100|1700
3101|278
3101|617
3102|1701
4168|1701
8421|1701
9613|1701
3104|1702
3106|1703
3106|1704
3109|1705
8687|1705
9998|1705
3111|1706
5714|1706
7035|1706
7128|1706
7766|1706
9499|1706
3115|1707
3189|1707
3201|1707
3571|1707
3859|1707
3902|1707
3926|1707
4433|1707
4805|1707
4946|1707
5017|1707
3119|89
3119|1708
3122|1709
3123|1710
3124|1711
3124|1712
3124|476
3128|871
3340|871
4579|871
6665|871
7214|871
7260|871
8539|871
3130|1713
3134|1714
3139|1715
3139|1716
3142|1717
3488|1717
8220|1717
3143|1718
3148|1719
3149|1720
3149|1721
3152|1722
3156|1671
3156|1723
5851|1671
5851|1723
3159|1724
3162|467
3162|1725
3623|467
3623|1725
3823|467
3823|1725
3164|1726
3169|1727
3170|1728
3172|1729
3172|1730
3181|1731
3181|1732
3181|1733
3187|1734
5553|1734
3196|1735
3196|1736
3200|209
4925|209
6754|209
3203|1247
3203|1737
3206|1738
3207|1739
3212|1069
3212|1740
3217|1741
9970|1741
3222|1742
3224|1743
3225|1744
3225|1745
3227|1746
3230|1747
3232|1748
3232|1749
3235|1750
3237|1751
3238|1752
5032|1752
3243|1753
3243|208
3248|1754
3251|1755
4760|1755
3253|1756
4614|1756
3256|1757
3256|1758
3256|1759
3257|1760
3259|1761
3261|1762
3266|1763
3267|1764
7591|1764
3268|1765
3270|1766
3282|1767
3282|1768
3282|1769
5344|1767
5344|1768
5344|1769
3284|1770
3288|1771
3292|1772
3292|1773
3296|1774
7261|1774
3305|1775
3810|1775
4059|1775
5786|1775
7873|1775
8034|1775
3308|976
3308|1776
3310|1777
3310|61
3313|1778
3315|1779
3315|1780
3317|209
3317|1781
3325|209
3325|1781
3320|1782
3321|99
9754|99
3323|66
3323|1783
3324|1784
8013|1784
3327|1785
3331|1786
4151|1786
3332|1787
5645|1787
5755|1787
3343|1788
4576|1788
3344|1623
3345|1789
3346|736
3346|1790
3349|1791
3349|1792
3349|1428
3352|1793
5104|1793
7418|1793
3353|1794
3356|1795
3356|1796
3361|1797
3361|1798
3364|1799
3364|1800
3364|1801
3368|1802
3370|580
3373|1803
3376|1738
3376|1804
3377|134
3377|670
3377|1805
3379|1806
3381|136
3381|1807
3385|1808
3387|20
3387|1809
3390|1810
3392|1811
3395|208
3395|1812
3395|1813
3395|1814
3395|1815
3395|1816
3395|969
3395|1817
3395|1818
3395|512
3395|1819
3396|208
3396|1820
3396|1821
3396|1675
3396|1822
3396|1823
3396|693
3396|1687
3396|1824
3396|1825
3396|1611
3396|1689
3396|512
3396|1131
3396|52
3398|730
3398|1826
3400|1703
3400|1827
3402|1828
3402|1829
3404|1830
3404|1831
3404|1832
3406|1833
3413|178
3413|1834
3413|1835
3415|1836
3417|1453
4788|1453
3419|1837
3423|1838
3425|356
3425|1839
3427|1840
9386|1840
3429|1841
9348|1841
9422|1841
9477|1841
9594|1841
3432|1842
3433|1843
3433|1844
3435|208
3435|1845
3436|1846
3436|1847
3437|1848
6874|1848
7983|1848
8267|1848
8408|1848
9015|1848
9593|1848
3442|1849
3442|1850
3443|1851
3446|1852
3447|1853
6993|1853
3448|538
3448|539
3449|1854
3450|1855
3451|1856
3451|1857
3451|1858
3457|1859
3457|61
3459|1860
3459|1861
3460|1862
3465|1863
3466|1864
3468|1865
3469|1866
3472|1867
3808|1867
4942|1867
3475|1868
5039|1868
5133|1868
6068|1868
7040|1868
7791|1868
8461|1868
3479|1869
3480|1870
3481|1871
3481|1872
3482|158
3482|1873
3482|1874
3482|1875
3484|362
8906|362
3485|1876
3625|1876
5531|1876
5806|1876
6062|1876
3487|1877
5362|1877
6680|1877
9573|1877
3491|1878
3493|1879
3495|1880
3498|1881
5583|1881
7433|1881
3499|1882
3499|1883
3501|1884
3502|412
3502|1885
3504|1886
3505|1887
3523|1887
3506|1888
3509|1491
3509|1490
3519|1577
4250|1577
8107|1577
3521|1889
3521|1890
3521|208
3525|1891
3525|1892
3525|359
3535|1893
3535|1894
3539|1895
3539|1896
3539|1897
3540|263
3540|264
3540|797
3542|1898
3542|1899
3542|1900
3542|1901
3542|178
3543|1902
3546|1903
3646|1903
5011|1903
6021|1903
3548|277
3552|1904
3552|1905
3553|1906
4884|1906
5619|1906
6843|1906
7492|1906
7571|1906
7761|1906
8284|1906
9227|1906
9507|1906
3555|1907
3556|1908
8618|1908
3557|1909
3558|1910
3560|1428
7579|1428
7794|1428
9263|1428
3561|996
3564|1911
3564|1912
3568|1913
3575|1914
3575|1420
3578|1915
7282|1915
8087|1915
3579|1916
6866|1916
8384|1916
3582|1917
3582|1918
3582|1919
3586|1920
5120|1920
9097|1920
3587|478
3587|1921
3590|1922
3593|1923
3593|1924
3595|1925
3595|1926
3596|1927
8257|1927
3597|1928
3599|1929
3599|1930
3602|1931
3602|1845
3602|1932
3604|1933
3604|1934
3604|1935
3604|1936
3604|1937
3606|1938
6110|1938
6631|1938
3615|1939
3618|1940
6245|1940
3630|1941
3631|1942
6714|1942
3634|1943
4549|1943
3635|1944
3638|1945
3642|332
3643|1946
3645|1947
3656|1948
5918|1948
3658|1949
3658|1419
3658|1950
3659|1951
3660|208
3660|1131
3660|1952
3660|969
3660|1953
3661|1954
3662|1949
3662|1955
3662|1419
3662|1420
3669|1956
3674|1957
7291|1957
3675|1958
3676|1959
3682|1960
9183|1960
3683|1961
3684|1132
4078|1132
4800|1132
4859|1132
5134|1132
6256|1132
6758|1132
7021|1132
7092|1132
9268|1132
9965|1132
3685|1962
3685|1963
3689|1964
3694|1965
3695|1966
3695|1967
3695|1968
3696|300
8400|300
3698|1969
3700|16
3700|1970
3704|1971
3704|1972
3704|974
3704|1973
3707|1974
3708|1975
3708|1976
3715|66
3715|1977
3716|541
3716|1978
3716|319
3716|1979
3717|1980
3717|1981
3719|1982
3720|1983
3720|1984
3720|1985
3720|1986
3720|1987
3720|1988
3721|1989
6124|1989
3724|1990
3724|1991
3726|1992
3730|1993
3733|1994
3733|1995
3734|1996
3734|1997
3734|1998
3735|52
3735|126
3735|1999
3736|2000
3747|2001
3751|2002
3755|147
9995|147
3761|2003
3761|2004
3761|2005
3761|2006
3761|2007
3761|2003
3762|2008
3762|2009
3763|1959
3763|2010
3765|2011
3765|2012
3765|2013
3765|2014
3773|2015
3773|2016
3774|2017
3782|2018
9939|2018
3785|2019
3787|2020
3789|2021
6219|2021
6781|2021
8553|2021
3790|2022
4188|2022
3791|628
4654|628
6852|628
3799|1347
3800|2023
6476|2023
3802|2024
3809|348
3809|2025
4325|348
4325|2025
5976|348
5976|2025
7865|348
7865|2025
3811|2026
3815|2027
3817|2028
3817|2029
3817|1473
3820|2028
3820|2030
3821|2031
4157|2031
6240|2031
3822|2032
3822|2033
3825|2034
3825|2035
3825|2036
3825|2037
3825|2038
3825|2039
3827|998
3827|2040
3827|2041
3827|2042
3827|1000
3840|2043
3843|2044
6961|2044
9449|2044
9475|2044
3844|2045
3845|467
3845|2046
4382|467
4382|2046
5557|467
5557|2046
7719|467
7719|2046
3853|552
3853|1506
3868|516
3868|2047
3869|2048
3872|2049
3877|2050
3878|2051
3878|822
3878|2052
3881|2053
3881|2054
3882|2055
3885|2056
3887|2057
5886|2057
6035|2057
7167|2057
3888|2058
3889|2059
9794|2059
3892|2060
3892|2061
3895|2062
3896|2063
9202|2063
3897|998
3897|498
3898|2064
3899|2065
3900|2066
3900|2067
3903|2068
3903|609
3903|2019
3905|2069
8346|2069
3907|1385
3907|2070
3908|2071
3908|2072
3913|234
4531|234
3916|2073
3922|1738
3922|2074
3923|2075
3923|2076
3928|2077
5670|2077
3930|2078
3930|2079
3930|2080
3930|2081
3931|2082
3934|2083
3936|2084
3936|2085
6556|2084
6556|2085
7016|2084
7016|2085
9045|2084
9045|2085
9124|2084
9124|2085
9803|2084
9803|2085
3939|2086
3939|2087
3946|2088
3948|16
3948|179
3948|180
7353|16
7353|179
7353|180
3949|2078
3950|2089
3951|2090
7117|2090
3953|2091
3954|2092
3954|2093
3955|2094
3959|2095
3959|2096
3960|2097
3960|2098
6887|2097
6887|2098
7817|2097
7817|2098
3961|2099
3962|2100
4988|2100
3964|2101
3969|2102
3969|2103
3971|2104
3972|2105
3972|2106
3972|2107
3973|2108
3977|2109
3977|2110
3979|2111
3979|2112
3985|2113
3986|2114
3986|2115
3987|2116
3991|2117
3994|2118
4003|2119
4004|8
4004|2120
4005|2121
4010|2122
4015|408
4015|2123
4015|408
4016|2124
4018|2125
6046|2125
8846|2125
4019|2126
4019|1223
4021|118
4021|2127
4028|2128
5997|2128
9917|2128
4029|2129
4031|502
4031|2130
4032|2131
4035|1520
4035|2132
4037|2133
4037|2134
4037|2135
4039|2136
4043|2137
4043|2138
4043|878
4043|11
4043|2139
4043|2140
4046|2141
5510|2141
4050|2142
9688|2142
4051|2143
4053|2144
4053|2145
4053|2146
4053|1420
4054|2147
4055|2148
4061|504
4061|2149
4064|144
4064|2150
4064|2151
4067|2152
4069|2153
4071|1159
4071|2154
4071|2155
4072|2156
4075|2033
4075|2157
9956|2033
9956|2157
4080|2158
4090|2159
4091|2160
4096|2161
8417|2161
4097|2162
4097|2163
4099|2005
4100|2164
4102|2165
5635|2165
9816|2165
4103|2166
4106|134
4106|2167
4106|2168
4106|2169
4106|2170
4106|340
4106|2171
4106|2172
4106|2173
4106|2174
4106|341
4107|2175
4107|2175
4109|2176
8488|2176
4110|2177
4111|2178
4115|2179
4116|2180
4122|2181
4123|1499
4123|2182
4136|2183
4140|2184
4144|2185
7494|2185
4146|2186
5835|2186
6544|2186
7918|2186
4147|2187
4152|2188
4154|2189
9076|2189
4155|703
4155|2190
4155|2191
4155|706
4155|707
4155|708
4155|2192
4155|2193
4155|710
4155|705
4155|2194
4155|2195
4155|2196
4155|2197
4155|2198
4155|2199
4155|716
4163|2200
4163|354
4163|353
4164|2201
6958|2201
8525|2201
4166|2202
4169|2203
4169|2204
4171|2205
4171|2206
4173|1478
4173|2207
4173|2208
4173|2209
4174|2210
4174|2211
4174|2212
4176|2213
4177|2214
5003|2214
6347|2214
6498|2214
8771|2214
9496|2214
4179|1523
4179|2215
4183|77
4183|2216
4184|504
4184|2217
4186|2218
4187|2219
5570|2219
4189|2220
4191|2221
4191|2222
4196|2223
4196|2224
4197|2225
4197|2226
4202|2227
4202|2228
4205|2229
4205|2230
4205|2231
4205|2232
4205|2155
4205|2233
4205|2234
4205|2235
4206|2236
4206|2237
4206|1420
4211|2238
4212|1114
4212|2239
4213|2240
4213|2241
7666|2240
7666|2241
4214|2242
4750|2242
4217|2243
4217|2244
4217|2245
4217|2245
4217|2246
4219|736
4221|210
4221|2247
4225|2248
4227|2249
5023|2249
4228|1122
4228|1123
5752|1122
5752|1123
6606|1122
6606|1123
7027|1122
7027|1123
4229|2250
4229|2251
4229|2252
4232|2253
4232|2254
4238|2255
4510|2255
5808|2255
5935|2255
5948|2255
7749|2255
8801|2255
4239|2256
4244|977
4244|2257
4245|1420
5351|1420
6656|1420
4248|2258
4248|2259
4252|2260
6894|2260
4254|2261
7193|2261
4256|2262
4541|2262
4258|2263
4260|2264
4261|2265
5028|2265
6697|2265
4262|2266
4265|2267
4268|2268
4863|2268
6713|2268
4270|2269
4271|165
4272|2270
4735|2270
4273|2271
4273|2272
4273|2273
4274|2274
4277|2275
4284|2276
4284|340
4284|341
9123|2276
9123|340
9123|341
4285|2277
4288|2278
5574|2278
4291|2279
4291|165
4292|2280
4893|2280
6832|2280
4297|2281
4300|2282
4301|2283
4822|2283
4307|2284
4309|2285
4314|2286
4315|2287
4315|2288
8578|2287
8578|2288
4318|644
5085|644
4321|2289
9287|2289
4322|1323
4322|2290
4323|2291
4323|2292
4328|2293
4330|516
4330|2294
4330|2295
6896|516
6896|2294
6896|2295
4331|2296
4332|2297
4332|1528
4332|2298
4333|948
4333|2299
4333|2300
4335|2301
4336|1711
4336|2302
4336|2303
4336|2304
4338|2305
9793|2305
4341|2306
4342|2307
5480|2307
5673|2307
7534|2307
4344|2308
4344|2309
4346|2310
4346|2311
4347|2312
4348|2313
4348|275
4349|2314
7211|2314
4351|2315
4356|2316
4357|2317
4361|2318
4364|1735
4364|2319
4366|2320
4366|2321
4367|2322
4368|2323
7138|2323
4370|2324
4371|1112
4374|2325
4375|2326
4375|2327
4375|2328
4375|2329
4376|2330
4376|2331
6625|2330
6625|2331
7043|2330
7043|2331
4381|911
4388|263
4388|297
4388|264
4391|2332
4394|2333
4395|2334
4397|1797
4397|2335
4398|2336
8736|2336
4399|2337
4404|2338
4407|2339
4410|2340
4411|2341
4412|2342
4412|2343
4415|2344
4415|2345
4416|2346
8966|2346
4418|1584
4418|2347
4420|2348
5080|2348
5969|2348
7733|2348
8198|2348
8422|2348
8898|2348
4429|2349
4434|2350
4435|2351
4435|2352
4438|2353
6125|2353
7366|2353
7874|2353
4439|2354
4441|1711
4441|2355
5754|1711
5754|2355
4449|1363
4449|2356
4451|2357
4451|705
4451|2358
4453|2359
4455|2360
4462|2361
4464|2362
4465|2363
4467|2364
4469|2365
4473|1827
4475|2366
4475|2367
4476|2368
4476|2369
4477|2370
4477|331
4478|2371
4478|2372
4485|1001
4485|2373
4485|2374
4485|2375
4487|2376
4487|2377
4487|2378
4489|2379
4491|2380
4493|2381
4495|2382
5353|2382
6991|2382
4499|2383
4501|2384
4501|2385
4501|1957
4503|2386
4503|2387
4503|2388
4504|2389
4508|2390
9841|2390
4509|2227
4511|2391
4511|2392
4516|263
4516|2393
4520|2394
4520|2395
4521|2396
4521|319
4521|2397
4521|2398
4521|2399
4521|2400
4524|52
4524|2401
4527|2402
4528|2403
4528|541
6914|2403
6914|541
7047|2403
7047|541
7123|2403
7123|541
8987|2403
8987|541
4529|617
4529|530
4529|531
4533|2404
4535|2405
4536|2406
8855|2406
4537|2407
4537|2408
4540|2409
5843|2409
4545|2410
4545|2411
4558|2412
6782|2412
4561|2413
4566|2414
4566|2415
4567|2416
4567|2417
4575|2418
4575|2419
4582|382
4582|2420
4583|342
4583|821
4584|1001
4584|577
4584|2421
4591|2422
4592|110
4592|2423
4594|2424
5869|2424
4597|2425
4597|2426
4597|2427
4598|2428
4598|2429
4601|2430
4602|2431
4602|2432
4602|2433
4605|1703
4605|2434
4606|464
8295|464
4610|2435
4612|2436
4612|2437
4620|2438
4620|2439
4622|2440
4622|2441
4622|431
4622|158
4628|2442
4629|2443
4634|137
4634|2444
4634|2445
4634|2446
4635|2447
4639|2448
4642|52
4642|2449
4649|1007
4649|2450
4655|2451
4657|2452
4663|2453
4664|2454
4666|2455
4667|2456
8895|2456
4670|2457
4671|2458
4672|2459
4672|581
4672|2460
4674|2461
9505|2461
4676|2462
8263|2462
4677|2463
4679|2464
9066|2464
9201|2464
9342|2464
9491|2464
9817|2464
4683|2465
4964|2465
4684|2466
4685|2467
6447|2467
6954|2467
4688|2468
9721|2468
4691|2469
4692|2470
4693|2471
4694|2472
4695|2473
4695|2474
6101|2473
6101|2474
7723|2473
7723|2474
4699|2475
4701|2476
4702|1422
4702|228
4702|2477
4706|2052
4707|2478
4707|2006
4708|2479
4709|2480
4711|455
4711|440
7651|455
7651|440
7842|455
7842|440
9191|455
9191|440
4714|315
4714|316
4714|2481
4715|2482
5059|2482
9176|2482
4716|848
4716|2483
4719|2484
4723|2485
7716|2485
4725|2486
4727|2487
4727|2488
4727|2489
4729|2490
4729|2491
4731|1574
4733|2492
4734|2493
4736|2494
4743|2495
4743|2496
4743|2497
4744|2498
4746|2499
4746|2500
4747|2501
4748|2502
4748|2503
4748|2504
4748|228
4752|2505
4752|2165
4755|2506
4758|2507
4759|2508
5108|2508
4763|2509
4763|2510
4765|2511
4765|1333
4765|2512
4765|79
4767|2513
4769|778
4772|2514
5313|2514
4780|2515
4780|2516
4780|2517
4784|2518
4785|2519
4785|2520
4785|2521
4787|2522
4792|2523
4793|2524
4796|2525
4796|2526
4803|2527
4809|2528
6786|2528
4810|2529
6932|2529
4811|2530
4812|2531
4812|2532
4814|2533
4823|2534
4823|2535
4823|2536
4824|2537
4826|2028
4931|2028
8757|2028
9298|2028
4827|883
4827|2538
4829|2539
4831|2540
4839|2541
6293|2541
7566|2541
7610|2541
7659|2541
7698|2541
8304|2541
9369|2541
4840|2542
4843|2543
4848|2544
4850|2545
4850|2546
4850|876
4852|2547
4853|2548
4855|2549
4855|2397
4855|2550
4865|1799
4866|134
4868|2551
4869|2552
4870|26
4870|2553
4870|2554
4870|2555
4873|2556
4874|691
4874|1675
4874|694
4874|693
4874|1334
4875|2557
4875|2558
4879|2559
4879|2560
4880|516
4880|2561
4881|1122
4881|1123
4881|2562
4883|2563
4883|2564
4885|2565
6968|2565
7469|2565
4887|2566
4887|2567
4890|2568
4890|2569
4894|2570
4898|2571
4898|2572
4899|2573
4904|2574
4904|2575
4906|1558
4907|2576
9307|2576
4908|2006
4910|2577
4930|2578
4930|2579
4934|2580
4935|2581
4936|2582
6410|2582
4938|2583
5157|2583
4939|158
4939|2584
4939|2434
4939|430
4939|429
4939|2585
4939|536
4939|2586
4939|2587
4940|2588
4940|2589
4943|2590
4945|2591
4949|2592
4949|2560
4951|2593
4951|2594
4951|2595
4951|2596
4951|2597
4953|2598
4956|2599
4958|2600
4962|2601
5828|2601
4963|2602
4967|2603
4968|2604
4969|2605
4971|575
7612|575
4973|296
4974|2276
4974|2606
4976|4
4976|426
4978|2607
9737|2607
4981|2608
4982|2609
4982|2610
4983|1703
5678|1703
4986|467
4986|2611
5966|467
5966|2611
9057|467
9057|2611
4987|208
4987|2612
4994|2613
4999|2614
4999|2615
5000|2616
5611|2616
6193|2616
6203|2616
5004|2617
5750|2617
7722|2617
7741|2617
8171|2617
8397|2617
8715|2617
5005|2618
5008|2619
5009|2620
5009|2621
5009|2622
5012|2623
5012|2624
5019|2625
5022|2626
5027|2627
8000|2627
5031|2628
5033|2629
7575|2629
5035|2630
5036|2631
5037|2632
8015|2632
5038|2633
5038|2634
5046|2635
5046|2636
9967|2635
9967|2636
5050|2637
5051|1293
5053|2638
7720|2638
5055|207
5055|2639
5056|2640
5056|1110
5062|2641
8883|2641
9358|2641
9805|2641
5065|2642
8985|2642
9915|2642
5066|2643
5068|2644
5069|2645
5069|2646
5070|2647
5070|2648
5071|2649
5071|2650
5079|2651
5084|2652
5087|2653
5088|2608
5088|1453
5089|2654
5089|2655
5090|2656
5090|2657
5091|2658
5094|2659
5101|2660
5102|2661
5110|2662
5110|2663
5110|2664
5110|2665
5111|2505
7196|2505
9580|2505
5112|2666
5116|2667
5116|76
5119|2668
5125|2669
5126|2670
7756|2670
5127|2671
5130|2672
5140|2673
5143|2674
6645|2674
7340|2674
5145|2675
6891|2675
7886|2675
8154|2675
8460|2675
5150|1320
5911|1320
6844|1320
7449|1320
7462|1320
8305|1320
9905|1320
5152|2676
5154|2677
5154|2678
5155|2679
8789|2679
5161|2680
5163|2681
5177|2682
5184|2683
5184|1787
5184|2684
5184|2685
5184|1579
5184|2686
5184|266
5184|2687
5184|2688
5184|125
5184|2689
5184|2690
5192|1753
5202|368
5204|348
5204|2025
5204|2691
5464|348
5464|2025
5464|2691
5773|348
5773|2025
5773|2691
7010|348
7010|2025
7010|2691
7781|348
7781|2025
7781|2691
7813|348
7813|2025
7813|2691
8077|348
8077|2025
8077|2691
9741|348
9741|2025
9741|2691
5208|2692
5212|2692
5210|2693
5210|2694
5210|2695
5210|2696
5210|2697
5213|2698
5213|1200
5225|2699
5226|2700
5228|1430
5230|2701
5234|2702
5236|2703
5237|2704
5241|2705
9941|2705
5244|1180
5244|2706
5251|2707
5254|2708
5255|2709
5256|2710
5259|2711
5268|2712
5269|2713
6567|2713
6966|2713
5273|2714
5275|2715
5276|2716
5276|2717
5279|2718
5280|2719
5283|534
5287|2720
5291|1888
5291|1569
5293|870
5293|2721
5293|2722
5293|873
5293|871
5294|406
8389|406
9533|406
5296|2723
5310|254
5310|2724
5315|592
5315|2725
5320|2726
6925|2726
5327|2727
5327|2728
5327|2729
5333|1515
5333|2730
5333|2731
5333|2732
5333|2733
5333|2734
5333|2735
5333|2736
5333|2737
5333|1238
5333|2738
5334|2739
5335|2740
5932|2740
9691|2740
5336|2741
5339|2742
5339|2743
5349|2744
5357|2665
5358|2745
5358|2746
5363|2747
5364|2748
5369|2749
5369|2750
5369|2444
5369|2445
5373|2751
5374|234
5374|2752
5376|2753
6751|2753
5377|2754
5378|2755
5379|2756
7930|2756
5384|2757
5385|2758
5386|2313
5386|235
5386|620
5387|2759
5387|2760
5388|1465
7490|1465
8413|1465
8944|1465
5394|2761
5593|2761
5396|2762
5396|2763
5396|52
5396|2764
5396|2765
5396|2766
5396|433
5396|2767
5396|2768
5396|208
5396|2769
5396|1055
5396|132
5396|2770
5396|2771
5396|2772
5396|2773
5396|2774
5396|2775
5396|2776
5396|2777
5396|2778
5396|2779
5396|2780
5396|2781
5396|2782
5396|2783
5396|2784
5396|2785
5397|2786
5398|691
5398|1675
5398|693
5398|695
5993|691
5993|1675
5993|693
5993|695
5399|1887
5399|2787
5404|2788
6633|2788
5405|1363
5405|2789
5409|2790
5413|2791
5416|2792
5418|2793
7754|2793
5420|2794
5421|2795
5424|2796
5425|2797
5425|2798
5430|2799
5432|2800
5435|2801
5435|2802
5435|2803
5435|2804
5436|2127
5438|2805
6632|2805
6860|2805
5441|2307
5441|2044
5444|2806
7919|2806
5447|2807
5449|2808
5451|2809
5953|2809
7484|2809
7795|2809
9033|2809
5452|2810
8429|2810
5453|2811
5453|2812
5454|2813
5471|2814
5471|2815
5476|2816
5478|2817
5479|2818
7102|2818
9508|2818
5483|2819
5484|2820
5484|2821
5484|2822
5484|2823
5487|2384
5487|2385
9865|2384
9865|2385
5492|2287
5492|39
5493|2824
5493|2825
5493|2826
5495|2827
5496|2828
5501|467
5501|2829
5502|2830
5502|1200
5514|2831
5520|2832
5520|2833
5524|2834
5524|2835
5527|2836
5527|2837
5532|2838
5537|2839
6220|2839
6620|2839
7480|2839
5540|16
5540|2840
5540|179
5540|180
5543|2841
5545|2842
5545|2843
5549|1734
5549|2844
5550|1391
5550|2845
5551|2670
5551|171
5556|2846
5560|2847
5563|2848
5564|2656
5564|2849
7162|2656
7162|2849
7822|2656
7822|2849
8067|2656
8067|2849
5569|2850
5569|2851
5571|2852
5571|2853
5571|2854
5573|2855
5575|2856
8177|2856
9739|2856
5577|2857
5578|2858
5581|2859
5592|2860
5595|2861
5596|2862
5596|2863
5601|2864
5601|2865
5603|2866
5604|2867
5606|2868
5606|2754
5612|541
5612|2403
5614|2869
5616|527
6234|527
7872|527
9129|527
5617|2870
5620|2871
5623|2872
5626|2873
5626|1861
5627|2874
5628|2875
5628|2876
5634|2877
5636|2878
6388|2878
5637|294
5637|2879
5637|2545
5637|2880
5642|467
5642|2881
6694|467
6694|2881
7007|467
7007|2881
5643|2882
6469|2882
5647|2883
5647|2884
5648|2885
7458|2885
5649|2886
5650|2887
5657|2888
5663|2889
5675|2890
5679|1598
5679|2891
5679|2892
5679|2893
5679|2894
5679|2895
5680|467
5680|2896
5682|352
5685|1465
5685|2897
5687|2898
5687|2899
5690|331
5690|225
5693|2900
5697|2901
5698|2902
5701|2903
5703|2904
7882|2904
5706|2905
5709|2906
5711|2907
5713|2908
5717|2909
5718|1420
5718|2910
5719|2911
5723|2912
5727|2913
5730|2914
5730|2915
5731|2916
5731|2917
5737|2918
5740|2919
7025|2919
7684|2919
8848|2919
9117|2919
9405|2919
9430|2919
9801|2919
5745|1520
5745|2920
5747|2028
5747|1628
5747|2030
5751|2921
5761|2922
5761|2923
5762|2924
5767|2925
5767|2214
5772|2926
5777|2927
5778|2928
5779|2929
5779|2930
5784|2931
5785|1001
6354|1001
5788|2932
5789|2933
5792|234
5792|2934
7022|234
7022|2934
7810|234
7810|2934
5794|2935
5795|2936
5795|541
7354|2936
7354|541
5796|2937
5798|2938
5802|2939
5807|2940
5809|2941
5816|2942
5816|2943
5816|2944
5819|2945
5820|2946
5823|2947
5830|530
5830|531
5830|2948
5831|2949
5831|2950
5833|2951
5840|77
5840|2952
5841|2953
5841|2954
5841|2955
5844|2956
5845|2957
5849|2958
5849|2959
5849|843
5849|1135
5849|2960
5852|2961
5853|1287
5853|735
5863|2433
5864|2962
5864|2963
5868|2964
5870|306
5870|2965
5878|2563
5879|1122
5879|1123
5879|2966
5881|2967
5893|1787
5893|2968
5897|2969
5897|2970
5898|2531
5898|1420
5906|2971
5906|2972
5910|2973
8228|2973
8983|2973
5913|2974
6643|2974
7363|2974
5915|627
5915|2975
5919|294
5919|2976
5919|2976
5922|2977
5923|208
5923|2978
5923|2979
5923|1890
5923|225
5923|1334
5923|2980
5923|2981
5923|1413
5923|512
5924|2982
5925|2983
8709|2983
9627|2983
5931|627
5931|2984
5931|2985
5933|2986
5933|2987
5937|2988
5943|1989
5943|2989
5944|2990
5950|2991
5952|2992
6987|2992
5954|2993
5958|464
5958|2994
5964|2995
5971|2996
5971|2997
5971|2998
5972|213
5972|2999
5978|3000
5978|3001
5978|3002
5978|3003
5980|3004
5980|3005
5980|3006
5980|2033
5983|455
7602|455
5986|3007
5986|3008
5986|3009
5986|3010
5986|3011
5986|3012
5986|3013
5986|3014
5986|3015
5986|3016
5986|3017
5986|1583
5986|3018
5986|3019
5986|3020
5986|3021
5986|3022
5986|3023
5986|3024
5986|3025
5986|3026
5986|3027
5986|3028
5986|3029
5987|3030
5988|3031
5991|1829
5992|3032
5994|1997
5995|3033
5996|3034
6000|3035
6003|3036
6003|1749
6012|3037
6018|3038
6438|3038
9024|3038
6019|3039
6022|3040
6024|3041
7988|3041
8690|3041
6030|3042
6031|3043
6032|3044
6033|3045
6034|3046
7362|3046
6036|3047
6037|3048
6037|3049
6038|1457
6039|3050
6039|3051
6041|654
6042|3052
6335|3052
6045|3053
6045|3054
6048|3055
6054|3056
6055|251
7269|251
6060|3057
6060|3058
6061|3059
6061|3060
6064|3061
6065|3062
6070|443
6070|3063
6071|3064
6072|3065
6074|3066
7638|3066
7987|3066
8904|3066
6077|3067
6077|3068
6082|3069
6083|1781
6083|209
6144|1781
6144|209
6088|3070
6089|3071
6090|3072
6092|3073
6092|3074
6092|531
6094|3075
6094|3076
6095|3077
6106|3078
6112|3079
6113|3080
6113|342
6114|3081
6116|3082
6119|2276
6119|3083
6131|3084
7245|3084
6132|3085
6136|3086
6139|3087
6145|3088
7782|3088
8892|3088
9261|3088
6147|3089
6149|3090
6155|221
6155|3091
6156|2269
6156|3092
6157|3093
7715|3093
7869|3093
6160|3094
6160|3095
6161|3096
6166|294
6166|3097
6166|3098
6166|2749
6170|3099
6171|1598
6171|52
6171|3100
6173|3101
6173|3102
6173|3103
6177|3104
6179|3105
6180|3106
8873|3106
6184|3107
9645|3107
6186|3108
6186|1297
6186|1132
6188|3109
6188|1978
8049|3109
8049|1978
9675|3109
9675|1978
9749|3109
9749|1978
6191|3110
6192|3111
6690|3111
9199|3111
6194|3112
6195|158
6195|3113
6196|3114
6196|3115
6198|1181
6198|3116
7294|1181
7294|3116
6202|549
6202|3117
6202|3118
6202|1904
6202|3119
6202|3120
6202|3121
6202|50
6202|627
6202|842
6202|3122
6202|3123
6202|35
6202|221
6202|382
6202|3124
6202|2028
6202|3125
6202|3126
6202|1159
6202|3127
6202|8
6202|3128
6202|3129
6202|2269
6202|3130
6202|167
6202|656
6202|2434
6202|3131
6202|3132
6202|3133
6202|3134
6202|3135
6202|331
6202|3136
6202|3137
6202|2562
6202|157
6202|3138
6202|680
6202|3139
6202|1876
6202|3140
6202|941
6202|2492
6202|894
6204|3141
6206|3142
8954|3142
6213|3143
6215|290
6215|3144
6217|3145
6225|2492
6225|3146
6229|3147
6230|3148
6232|3149
6232|3150
6238|3151
6249|792
6249|3152
6250|2509
7963|2509
9487|2509
6255|3153
6257|3154
6258|3155
6259|204
7293|204
8150|204
6262|3156
6262|3157
6265|3158
6272|3159
6274|3160
6278|197
6916|197
6280|3161
6285|3162
6287|3163
6288|3164
6291|921
6294|467
6294|3165
9154|467
9154|3165
6296|3166
6297|3167
6297|3168
6298|1505
6298|3169
6302|6
6302|3170
6305|3171
6305|3172
6305|3173
6307|3174
6310|3175
6312|403
6312|404
6312|3176
6315|3177
7232|3177
6316|734
6316|3126
6319|3178
6319|541
6327|3179
6328|3180
9196|3180
6329|3181
6329|3182
6329|3183
6331|3184
6331|3185
6331|3186
6331|3187
6331|3188
6331|3189
6331|1467
6331|2038
6331|3190
6331|3191
6331|3192
6331|3193
6337|3194
6337|3195
6345|3196
6348|3197
6349|3198
9082|3198
6351|3199
6355|3200
6363|3201
6366|3202
6367|3203
6379|348
6379|3204
6382|3205
6384|3206
6639|3206
6390|773
9478|773
6392|3207
6392|3208
6392|3209
6392|3210
6393|1735
6393|1736
6393|3211
6394|3212
6479|3212
6623|3212
6398|1306
6400|3213
6400|3214
6400|3215
6400|3216
6400|3217
6401|3218
6401|3219
6403|3220
6403|3221
6404|3222
6407|3223
6407|3224
6411|691
6411|1675
6411|3225
6411|693
6414|3226
6949|3226
6419|2034
6419|3227
6426|3228
6426|3229
6427|3230
6427|3231
6429|3232
6430|913
6430|3233
6432|3234
6435|3235
6441|3236
6442|2083
6442|3237
6442|1630
6445|3238
6445|3239
6445|3240
6445|3241
6449|3242
6453|3243
6455|931
6456|213
6456|3244
6457|3245
6458|3246
6461|3247
6461|2959
6461|1135
6461|3248
6461|3249
6463|3250
6466|3251
6467|3252
6468|1846
6468|1847
6468|3253
6473|3254
6473|3255
6474|3256
6707|3256
6480|3257
6481|982
6482|3258
6483|3259
6485|1162
6487|3260
6491|3261
6505|3262
6508|144
6508|3263
6508|3264
6508|3265
6508|3266
6518|3267
6519|3268
6521|3269
6522|3270
6524|3271
6524|3272
6535|3273
7055|3273
6541|3274
6541|3275
6543|3276
6543|3277
6545|3278
6546|3279
6547|3280
6548|3281
6548|3282
6553|3283
6553|3284
6553|3285
6557|1041
6557|52
6557|1160
6557|3286
6557|3287
6559|3288
6879|3288
6565|3289
6570|3290
6572|290
8697|290
6573|3291
6574|3292
6579|3293
7708|3293
9170|3293
6583|3294
6586|3295
6591|3296
8410|3296
6592|3297
6594|3298
6594|2987
6595|3299
6595|3300
6599|3301
6599|3302
6600|3303
6603|3304
6603|3305
6605|3306
6607|1028
6607|3307
6609|3308
6612|3309
6613|3310
6613|3311
6615|3312
6615|1428
6617|2545
7727|2545
6621|3313
6622|3314
6626|3315
6626|3316
6629|3317
6629|3318
6630|208
6630|1409
6630|1331
6630|3319
6630|3320
6630|1675
6636|3321
6637|3322
6644|3323
6647|1826
6648|3324
6654|3325
6659|3326
6659|3327
6662|962
6662|3328
6663|3329
6663|3330
6664|158
9540|158
6670|3331
6670|3332
6674|3333
6676|3334
6677|3335
6677|3336
6677|3337
6682|3338
6688|290
6688|291
6688|3339
6693|3340
6699|3341
6702|3342
6704|3343
6705|3344
8043|3344
8436|3344
6708|3345
6708|399
6712|3346
6718|3347
6719|1621
6723|3348
6725|3349
6726|3350
6729|3351
6730|1728
6730|3352
6736|3353
6745|3354
6745|3355
6746|3356
6753|3357
6764|3358
6769|3359
6769|3360
6770|3361
6772|3118
6772|3362
6772|3363
6776|3364
6777|3365
6784|3366
6785|3367
6785|3368
6785|3369
6788|3370
6789|3371
6791|3372
7140|3372
6794|3373
6859|3373
8607|3373
6798|3374
6799|3375
6804|3376
6809|3377
7424|3377
8092|3377
6810|3378
6810|3379
6813|3380
6817|1889
6817|691
6817|3381
6819|3382
6820|2693
6820|3383
6824|3384
6824|3385
6825|3386
6829|3387
6837|3388
6839|3389
6841|3390
6841|3391
6850|3392
6850|2865
6853|3393
6856|3394
6856|3395
6856|3396
6863|1867
6863|828
6865|3397
6867|3398
6867|262
6868|3399
6869|3400
6875|3401
6875|3402
6875|3403
6877|3404
8361|3404
6880|3405
6880|1905
6881|3406
8780|3406
6882|3407
6883|3408
6884|3409
6884|3410
6885|3411
6885|3412
6888|2656
7466|2656
6890|1598
6890|1599
6890|1600
6890|3413
6890|3100
6890|3414
6890|3415
6890|3416
6890|3417
6893|3418
6893|3419
6902|3420
6905|3421
6905|3422
6913|443
6913|3423
6919|3424
7186|3424
9550|3424
6921|3425
6922|3426
6924|3427
8165|3427
6927|3428
9812|3428
6928|3429
6929|3430
6935|3431
6937|3432
6938|3433
9352|3433
6939|3434
6945|3435
6946|3436
7414|3436
8900|3436
6947|3437
6951|3438
6963|3439
6964|3440
6965|3441
6971|3442
6976|3443
6976|3444
6976|3445
6976|3446
6976|3447
6977|1971
6978|3448
6978|3449
6980|3450
6984|3451
6984|3452
6986|3453
6989|3454
6995|3455
6998|3456
6998|878
6999|1703
6999|951
7000|3457
7001|186
7001|7
7004|3458
7009|3459
7014|1122
7014|1123
7014|3460
7018|3461
7019|3462
7024|3463
7026|277
7026|3464
7028|1954
7028|3465
7028|3466
7029|3467
8548|3467
7031|3468
7032|3469
7034|3470
7038|3471
7039|569
7039|3472
7039|3473
7045|3474
7045|3475
9881|3474
9881|3475
7046|3476
7049|3477
7052|3478
7060|3315
9815|3315
7063|3479
7064|3480
7066|3481
7771|3481
7068|261
7068|3482
7071|3483
7072|2095
7072|3484
7072|3485
7072|3486
7072|3487
7072|2893
7073|3488
7075|3489
7077|3490
7078|3491
7079|2434
7563|2434
8625|2434
7080|3492
7080|541
7082|1768
7083|3493
7083|3494
7086|2507
7086|3495
7086|3496
7095|3497
7096|3498
7098|3499
7106|1385
7106|3500
7108|3501
7111|3502
7115|3503
7115|3504
7115|3505
7115|3506
7126|3507
7129|3508
7130|3509
7131|3510
7135|3312
7135|549
7141|3511
7142|3512
7146|3513
7147|3514
7147|3515
7147|3516
7151|2749
7151|3517
7151|2750
7151|3518
7151|3519
7151|3520
7154|3521
7161|3522
7166|3523
7169|99
7169|2746
7172|1239
7173|3524
7173|3525
7173|3526
7176|3527
7181|3528
8059|3528
7182|3529
7182|3530
7187|241
7187|3531
7189|3532
7191|3533
7198|1001
7198|3534
7198|3535
7198|3536
7199|2972
7200|3537
7204|730
7204|3538
7205|3539
7210|2873
7215|3540
7216|3541
7220|3542
7228|3543
7229|3544
7231|3545
7233|3546
7233|3547
7233|3548
7234|3549
7234|3550
7234|3551
7237|3552
7239|3553
7241|3085
7241|3554
8763|3085
8763|3554
7242|343
7242|3555
7249|3556
7256|3557
7259|3558
7259|3559
7259|3560
7262|3561
7266|140
7270|3562
7270|3563
7270|3564
7270|3565
7270|3566
7270|3567
7270|3568
7270|3569
7270|3570
7270|3571
7270|3572
7270|3573
7271|3574
7273|3575
7275|3576
7284|3577
8100|3577
8298|3577
7290|3578
7292|3579
7372|3579
7297|3580
7298|848
7298|1826
7300|1768
7300|3581
7300|3582
7302|3583
7302|3584
7305|3585
7305|3586
7309|2313
7309|3587
7311|3588
7315|3589
7317|3590
7318|3591
7323|3592
7326|3593
7327|3594
7327|3595
7329|3596
7330|3597
7332|3598
7334|3599
7335|3600
7337|1388
7985|1388
7339|3601
7341|3602
7343|3603
7343|3604
7344|923
7344|3605
7352|3606
7355|3607
7356|3608
7357|3609
7360|3610
7361|3611
7364|3612
7370|3613
7375|3614
8666|3614
7382|3615
7384|3616
7385|1516
7385|3617
7386|3618
7390|3619
7392|3620
7392|3621
7395|923
7395|3622
7396|3623
7398|3127
7398|3624
7398|3625
7399|3626
7400|3627
7401|3628
9714|3628
7402|3629
7404|1486
7404|3630
7405|1209
7405|1413
7405|3631
7405|1600
7405|2042
7407|2253
7407|440
7408|3632
7408|730
7409|2
7409|3633
7412|3634
7413|3635
7416|3636
7416|3637
7417|3638
7417|3639
7421|3640
7422|208
7422|1334
7425|3641
7428|3405
7428|3642
7428|3643
7431|3644
7432|3645
7438|3646
7440|1505
7440|3647
7441|3648
7444|3649
7444|3650
7444|3651
7451|3652
7453|3653
7455|3654
7457|3655
7459|3656
7467|3657
7468|874
8218|874
7470|3658
7470|3659
7470|3660
7482|3661
7483|3662
9316|3662
9318|3662
9339|3662
9824|3662
7485|3663
7485|3664
7493|208
7493|1675
7495|3665
7495|3666
7496|1029
7499|3667
7500|3668
7507|3669
7508|3670
7511|3671
8169|3671
7515|3672
7515|3673
7516|3674
7518|3675
7520|3676
7521|3677
7521|3678
7522|3679
7524|569
7524|3680
7524|3073
7526|789
7529|3681
7531|2698
7537|3682
7540|3683
7541|3684
7543|3685
7545|3686
7547|3687
7548|3688
7552|3689
7555|3690
7557|3691
7560|3692
7565|3693
7573|3694
7577|3695
7580|3696
7580|1944
7580|3697
7580|3698
7581|3699
7582|3700
8024|3700
7584|3701
7587|3702
9534|3702
7588|3703
7590|3704
7590|3705
7592|136
7592|3706
7597|3707
7599|3708
7606|3709
7608|998
7608|2040
7608|2041
8420|998
8420|2040
8420|2041
7609|3710
7615|3711
7620|594
7620|3712
7622|734
7622|735
7622|1324
7623|3713
7628|3714
7628|3715
7629|3716
7630|3717
7636|3718
7636|3719
7639|3720
7639|3721
7641|3722
7645|3723
7646|3724
7648|1697
7648|3725
7649|3726
7650|3727
7653|3728
7656|3729
7660|691
7660|1675
7660|693
7660|3485
7660|3730
7661|3731
8589|3731
7662|3732
7662|3733
7664|356
7664|3734
7665|3735
8536|3735
7667|3736
7669|3737
8907|3737
7671|3738
9073|3738
7674|3739
7677|3740
7677|3741
7680|3742
7680|3743
7683|1230
7683|3744
7683|1230
7683|1231
7683|1232
7683|3745
7685|3746
7686|3747
7689|3748
7689|1420
7690|3749
7690|3750
7693|3751
7693|3752
7701|3753
7701|3754
7703|3755
7709|3756
7711|3757
7711|31
7713|3758
7713|3759
7713|3150
7713|3760
7717|3761
7726|3762
7730|3763
7730|3764
7731|3765
7734|3766
7734|3767
7735|3768
7739|3769
7744|3770
7746|3771
7746|3772
7746|3773
7757|3774
7762|3775
7763|3776
7767|3777
7768|3778
7770|3779
7772|3780
7774|3781
7777|1017
7777|3782
7778|3783
7778|3784
7779|3785
7779|3786
7783|3787
7783|2706
7784|3788
7784|1409
7784|1043
7784|3789
7784|3790
7787|3791
7788|3792
7790|3793
9770|3793
7798|3794
7806|3795
7806|3796
7812|3797
7814|3798
7821|1906
7821|3799
7823|3800
8209|3800
7827|3801
7829|2271
7829|3802
7831|3803
7831|3804
7836|1076
7836|3648
7836|3805
7837|3806
7839|3807
7839|3808
7843|3809
7844|3810
7845|3811
7848|3812
7849|3813
7849|723
7850|3814
7850|3815
7852|3816
7856|3817
7857|3818
7858|3819
7858|3820
7859|128
7859|3821
7859|1029
7860|903
7862|3822
7862|1062
7862|3823
7863|3824
7863|1200
7864|3825
7866|3826
7866|3827
9014|3826
9014|3827
7875|3828
7876|3829
7876|3830
7879|3474
7879|3475
7879|3831
7883|3832
7883|208
7884|3833
7884|3834
7884|52
7885|3835
7885|3836
7894|3837
7894|2955
7894|3838
7896|3839
7898|3840
7898|3841
7899|3842
7928|3842
7900|3843
7902|3844
7902|3845
7906|208
7906|3846
7907|3847
7909|3848
7910|3849
7910|3850
7910|587
7912|3851
7913|3852
7915|3853
7916|3854
7916|3855
8655|3854
8655|3855
7920|615
7920|3856
7925|3857
7925|3858
7929|245
7929|3859
7936|3860
7937|3861
7942|2588
7942|2589
7942|3862
7943|3863
7944|3864
7945|1464
7945|1466
7945|1465
7946|3865
7947|294
7947|3866
7947|3688
7949|3867
7949|3868
7949|3869
7949|3870
7951|3871
7951|3872
7951|3873
7952|385
7952|3874
7952|3875
7953|3876
7954|3877
7954|3878
7955|3879
7964|3880
7965|3881
8779|3881
7967|3882
7967|3883
7971|3884
7971|3885
7971|3886
7974|3887
7974|3888
7979|3889
7980|3890
7984|3891
7990|3405
7994|286
7994|3892
7997|1076
7997|620
7998|3893
7998|1608
8004|3894
8004|3895
8004|3896
8007|3897
8009|3898
8011|3120
8014|3899
8016|3900
8018|3901
8023|3902
8025|3903
8025|1001
8025|3904
8025|3905
8027|901
8027|3906
8028|11
8028|3907
8032|3908
8032|3909
8032|3652
8032|3910
8032|3911
8032|3200
8032|1049
8032|223
8032|3912
8032|3913
8032|3626
8032|3914
8032|3915
8032|3916
8032|1194
8032|3917
8032|3918
8032|3919
8032|3920
8032|3921
8032|318
8033|2077
8033|3922
8036|3923
8037|2614
8044|607
8047|3924
8048|3925
8130|3925
8052|3926
8052|3927
8052|3928
8055|3929
8057|3930
8057|155
8060|3931
9827|3931
8061|3932
8064|3933
8064|3934
8066|3935
8068|3936
8068|541
9180|3936
9180|541
8069|3937
8072|3938
8368|3938
8074|691
8074|1675
8074|693
8074|1610
8074|3939
8079|1180
8079|291
8079|3940
8079|3941
8081|3942
8083|3943
8084|3944
8088|3945
8090|3946
8091|3947
8475|3947
8095|3948
8095|3949
8096|3950
8096|871
8105|3951
8109|208
8109|510
8109|1130
8109|1131
8109|3952
8109|969
8109|970
8109|511
8109|1129
8109|3953
8109|3954
8109|3955
8109|512
8109|225
8109|509
8114|3956
8114|3957
8115|2670
8115|3958
8118|3959
8119|3960
8120|3961
8120|257
8122|3962
8129|3963
8144|3963
8137|3964
8395|3964
8139|3965
8139|3966
8139|3967
8139|3
8141|3968
8141|3969
8145|3970
8147|3971
8149|913
8149|3972
8153|412
8157|1478
8157|3973
8157|792
8159|3974
8159|3975
8160|3976
8160|3977
8161|569
8161|3978
8162|3979
8166|3980
8168|3981
8168|3982
8174|3983
8176|3984
8176|3985
8179|3986
8179|3987
8180|467
8180|3988
8181|3989
8181|3990
8181|3991
8181|3992
8181|3993
8182|3994
8187|207
8187|3995
8187|3996
8188|3312
8188|3997
8189|3998
8190|3999
8190|4000
8190|623
8191|4001
8193|4002
8195|4003
8200|4004
8200|4005
8200|4006
8207|26
8210|730
8210|963
8210|1396
8213|4007
8213|4008
8217|1004
8217|4009
8221|850
8221|4010
8224|4011
8226|382
8226|4012
8232|4013
8233|4014
8233|4015
8234|4016
8234|4017
8234|4018
8234|4019
8234|3447
8235|1105
8235|4020
8238|4021
8239|4022
8242|4023
8243|691
8243|1675
8243|693
8243|3939
8243|4024
8243|4025
8243|4026
8243|1820
8246|4027
8246|4028
8246|4029
8247|4030
8249|4031
8253|4032
8253|4033
8253|4034
8255|4035
8259|4036
8259|4037
8260|4038
8261|4039
8269|4040
8269|871
8270|4041
8270|1363
8271|1846
8272|4042
8272|4
8273|4043
8276|525
8276|4044
8276|4045
8277|4046
8279|4047
8285|1209
8285|1409
8285|4048
8285|4049
8286|4050
8290|4051
8292|4052
8296|4053
8297|4054
8299|2557
8300|4055
8303|4056
8307|4057
8308|4058
8308|4059
8309|4060
8310|4061
8311|4062
8313|4063
8313|4064
8314|4065
8315|4066
8323|4067
8325|4068
8326|4069
8328|4070
8329|4071
8331|4072
9069|4072
9381|4072
8333|4073
8333|4063
8335|464
8335|4074
8335|2510
8336|4075
8337|4076
8338|3741
8338|4077
8343|4078
8343|4079
8343|4080
8347|4081
8347|940
8348|4082
8350|621
8350|1442
8352|4083
8353|4084
8355|1671
8356|4085
8356|4086
8357|66
8357|4012
8357|68
8362|4087
8367|916
8367|919
8369|4088
8369|245
8370|4089
8372|4090
9051|4090
8374|4091
8375|3134
8915|3134
8379|4092
8380|4093
8382|4094
8383|4095
8383|4096
8385|4097
8390|3709
8390|4098
8396|4099
8396|4100
8396|4101
8396|4102
8396|705
8396|4103
8396|4104
8396|4105
8396|4106
8403|4107
8404|4108
8411|4109
8416|4110
8416|4111
8428|1375
8430|3083
8433|4112
8434|4113
8435|4114
8437|4115
8437|1060
8437|1059
8438|412
8438|4116
8441|4117
8441|4118
8447|4119
8449|4120
8451|4121
8773|4121
8454|1372
8454|4122
8454|4123
8466|4124
8469|4125
8472|2078
8472|4126
8473|4127
8478|4128
8478|4129
8479|4130
8485|4131
8485|4132
8490|4133
8492|4134
8496|987
8496|4135
8497|4136
8497|4137
8497|4138
8497|4139
8498|4140
8499|4141
8501|4142
8503|2313
8503|275
8503|4143
8504|2276
8760|2276
8505|467
8505|4144
8508|4145
8508|4146
8512|4147
8515|4148
8519|4149
8519|2434
8520|4150
8520|4151
8522|4152
8523|943
8523|4153
8524|4154
8528|4155
8533|4156
8533|4157
8533|4158
8533|4159
8533|4160
8535|3499
8535|4161
8537|4162
8538|4163
8544|4164
8544|4165
8547|4166
8549|4167
8559|4168
8560|4169
8560|4170
8560|4171
8564|736
8564|4172
8570|1806
8570|4173
8570|4174
8571|4175
8571|4176
8572|4177
8572|4178
8573|4179
8577|4180
8577|4181
8577|4182
8577|1972
8577|4183
8577|4184
8577|4185
8577|4186
8577|4187
8577|4188
8577|4189
8577|391
8577|4190
8577|4191
8580|4192
8581|4193
8581|4194
8582|4195
8583|4196
8586|4197
8593|4198
8598|4199
8600|2148
8600|4200
8601|4201
8602|4202
8604|4203
8605|4204
8605|4205
8606|4206
8606|4207
8609|4208
8609|4209
8611|734
8611|4210
8612|4211
8612|4212
8612|4213
8613|4214
8613|4215
8616|4216
8620|4217
8626|4218
8632|4219
8633|4220
8633|4221
8633|2273
8634|4222
8634|4223
8634|4224
8639|4225
8644|467
8644|4226
8648|4227
8648|4228
8650|4229
8650|1223
8650|4230
8653|4231
8654|356
8654|4232
8656|4233
8658|4234
8661|4235
8661|4236
8665|4237
8665|1897
8670|4238
8671|4239
8671|4240
8672|4241
8675|4242
8675|4243
8675|4244
8676|1393
8677|4245
8679|151
8682|4246
8682|86
|4247
8686|4248
8686|4249
8688|184
8688|4250
8691|4251
8693|4252
8696|3318
8698|4253
8700|4254
8703|4255
8704|128
8704|129
8704|131
8713|4256
8714|4257
8717|4258
8717|4259
8723|4260
8724|4261
8724|4262
8731|4263
8732|4264
8732|2882
8737|4265
8737|2483
8738|1205
8738|921
8738|4266
8741|4267
8742|4268
8742|4161
8744|4269
8747|4270
8748|4271
8748|4272
8752|4273
8752|4274
8754|4275
8764|4276
8768|306
8768|4277
8774|4278
8775|2165
8775|2505
8788|4279
8788|4280
8791|4281
8792|134
8792|4282
8798|4283
8804|4284
9090|4284
8807|4285
8812|4286
8813|4287
8814|4288
8815|4289
8815|3587
8815|4290
8819|1856
8819|3229
8819|4291
8821|75
8821|4292
8823|4293
8825|4294
8826|4295
8826|2157
8828|4296
8831|4297
8831|4298
8831|4299
8833|4300
8833|4301
8834|4302
8835|4303
8835|4304
8836|4305
8838|4306
8840|4307
8840|2049
8840|4308
8843|4309
8844|4310
8845|3424
8845|4311
8847|4312
8863|1474
8963|1474
8865|4313
8866|4314
8867|4315
8870|4316
8870|2214
8875|4317
8877|4318
8877|372
8878|75
8878|4319
8879|4320
8882|4321
8885|4322
8886|4323
8886|4324
8888|4325
8891|4326
8896|16
8896|515
8896|17
8897|4327
8899|4328
8899|4329
8899|4330
8902|4331
8902|574
8903|4332
8903|4333
8908|4334
8908|4335
8910|4336
8912|4337
8913|4338
8913|3467
8914|4339
8916|4340
8916|4341
8916|4342
8919|4343
8920|4344
8923|4345
8924|4346
8924|4347
8925|4348
8925|4349
8925|4350
8926|4351
9842|4351
8927|437
8927|176
8927|412
8927|1526
8927|874
8927|52
8927|4352
8927|438
8927|406
8927|1249
8927|1728
8927|390
8927|2242
8927|1227
8927|4218
8928|4353
8928|4354
8928|4355
8929|4356
8931|472
8931|969
8932|4357
8933|4358
8934|4359
8935|4360
8936|4361
8937|4362
8937|1247
8939|4363
8940|1223
8942|4364
8943|4365
8946|4366
8947|4367
8950|4368
9483|4368
8951|4369
8955|4370
8957|4371
8964|4372
8965|16
8965|4373
8965|4374
8965|4375
8968|4376
8969|1952
8974|4377
8982|691
8982|1675
8982|693
8982|4378
8982|3939
8984|4379
8984|4380
8992|4381
8996|4382
8998|4383
8999|4384
8999|4385
8999|4386
8999|4387
8999|4388
8999|4389
8999|4390
9001|4391
9001|219
9001|4392
9002|4393
9002|4394
9006|4395
9008|4396
9009|4397
9009|4398
9011|4399
9017|4400
9018|4401
9021|1249
9021|4210
9022|4402
9023|4403
9032|4404
9032|4405
9036|2413
9036|4406
9037|792
9037|793
9037|794
9037|4407
9037|4408
9037|3973
9038|4409
9039|4410
9043|4411
9044|871
9044|4412
9044|4413
9044|4414
9044|4415
9044|4416
9049|4417
9054|4418
9055|1248
9055|4419
9058|4420
9058|2028
9058|4421
9058|4422
9058|4423
9058|4424
9058|4425
9058|4426
9058|208
9058|4427
9058|4428
9058|4429
9058|4430
9058|4431
9058|3266
9058|4432
9058|2773
9060|4433
9063|4434
9064|4435
9065|4436
9072|4437
9078|2483
9080|4438
9084|4439
9091|4440
9094|4441
9094|4442
9095|4443
9096|4444
9100|4445
9102|4446
9104|4447
9104|4448
9107|4449
9110|4450
9111|4451
9112|4452
9113|4453
9118|4454
9118|4455
9120|1418
9120|1419
9126|998
9126|498
9126|4456
9127|4457
9127|4458
9127|4459
9134|4460
9134|4461
9136|1971
9136|4462
9142|4463
9143|4464
9143|2006
9144|3004
9149|4465
9150|4466
9155|4467
9592|4467
9156|4468
9156|4469
9162|4470
9163|4471
9169|4472
9169|4473
9172|263
9172|797
9172|297
9177|3916
9178|4474
9181|4475
9182|4476
9185|4477
9189|4478
9197|4479
9203|4480
9203|4481
9203|3834
9203|4482
9204|4483
9204|4484
9205|4485
9206|4486
9207|4487
9209|4488
9212|4489
9214|4490
9215|4491
9219|4492
9220|4493
9221|4494
9222|4495
9224|4496
9226|4497
9228|1944
9228|3697
9228|3698
9229|3703
9229|4498
9230|3871
9230|3873
9231|4499
9238|1222
9238|4500
9238|4501
9238|4502
9238|4503
9238|4504
9239|1582
9239|579
9239|4505
9243|400
9243|4506
9243|4507
9246|4508
9247|2635
9247|4509
9247|4510
9249|4511
9250|4512
9252|1119
9252|1249
9253|4513
9260|4514
9262|4515
9262|4516
9264|4517
9275|1431
9275|4518
9276|4519
9283|4520
9283|4521
9286|4522
9291|4523
9292|4524
9294|4525
9296|4526
9296|4527
9297|4528
9299|4529
9302|4530
9303|1777
9303|4531
9304|2078
9304|4532
9305|4533
9306|4534
9309|4535
9311|2487
9311|4536
9311|4537
9313|2246
9315|4538
9320|4539
9320|4540
9321|4541
9321|4542
9322|4543
9350|4543
9323|4145
9324|4544
9337|4545
9340|4546
9345|4547
9345|4548
9353|4549
9353|3878
9357|4550
9357|4551
9359|4552
9363|871
9363|4040
9367|4553
9370|4554
9372|4555
9372|4556
9374|4557
9375|1898
9375|1899
9375|4558
9375|1900
9375|1901
9379|4559
9384|4560
9385|4561
9385|1134
9385|3376
9394|4562
9396|4563
9398|4564
9399|4565
9401|3008
9401|3007
9410|1768
9410|4566
9410|809
9410|18
9410|4567
9410|1124
9410|4568
9410|4569
9410|3349
9410|4570
9410|4571
9410|4572
9410|1767
9410|4573
9410|4574
9410|4575
9410|4576
9410|4577
9410|4578
9410|208
9410|4579
9410|937
9413|4580
9416|4187
9418|4581
9419|4582
9419|4583
9423|4584
9425|4585
9425|2994
9428|277
9428|4586
9432|4587
9432|4588
9435|4589
9436|4590
9436|4591
9437|4592
9439|4593
9441|4594
9441|4595
9441|4596
9441|4597
9441|4017
9441|4598
9442|4599
9446|4600
9455|66
9455|4601
9456|4602
9458|2034
9458|2035
9458|2892
9458|4603
9458|4604
9458|4605
9458|2037
9458|2038
9459|4606
9459|4607
9460|4608
9461|4218
9461|4609
9464|4610
9465|3184
9465|4611
9471|4612
9472|4613
9472|4614
9479|4615
9479|4616
9479|4617
9479|90
9482|4618
9495|2391
9497|4619
9501|4620
9502|121
9502|84
9502|4621
9512|4622
9513|4623
9517|4624
9517|4625
9520|4626
9521|4627
9522|4628
9522|4629
9531|4630
9537|4631
9544|4632
9544|4633
9549|4634
9549|4635
9553|4636
9553|4637
9553|4638
9554|4639
9555|4640
9557|4641
9557|591
9559|52
9559|4642
9561|1239
9561|4643
9563|4644
9563|4645
9568|4646
9569|4647
9570|4648
9572|4649
9576|4650
9576|4651
9576|4652
9582|4653
9587|4654
9587|4655
9587|4656
9589|4657
9590|4658
9595|3499
9595|4659
9595|3359
9595|4660
9596|4661
9599|4662
9600|272
9601|144
9601|4663
9601|3678
9601|4664
9604|4665
9605|3545
9605|4666
9608|4667
9612|1495
9612|61
9612|4668
9615|4669
9615|4670
9616|4671
9620|4672
9623|4673
9624|4674
9624|4675
9625|4676
9629|4677
9629|2744
9629|4678
9631|4679
9631|4680
9631|4681
9632|840
9632|4682
9637|4683
9637|4684
9641|4685
9647|4686
9648|4687
9649|3119
9649|4688
9649|4689
9649|4690
9651|4691
9659|4692
9660|4693
9660|1135
9660|2893
9666|4694
9670|4695
9670|4696
9674|4697
9679|294
9679|1319
9680|4698
9683|4699
9684|4700
9685|566
9689|4701
9690|4702
9700|4703
9701|4704
9702|4705
9705|4706
9707|4707
9709|4708
9716|4709
9717|4710
9718|634
9718|4711
9720|4712
9720|4713
9720|1711
9720|4714
9720|4715
9726|4716
9730|4717
9732|4718
9736|4719
9746|121
9746|2008
9746|2009
9750|4720
9751|4721
9753|4722
9753|4723
9756|4724
9757|4725
9757|4726
9759|4727
9761|4728
9763|4729
9765|4730
9765|4696
9766|4731
9766|4732
9766|4733
9766|4734
9767|4735
9767|1829
9769|2686
9775|4736
9775|4737
9775|4738
9777|4739
9778|4740
9779|4295
9779|4741
9780|2028
9780|4742
9780|4420
9781|4743
9784|2283
9784|4744
9785|4745
9787|4746
9788|4747
9788|4748
9788|4749
9788|4750
9791|4751
9792|4752
9792|4753
9800|4754
9800|4755
9800|1396
9802|4756
9808|4757
9809|605
9813|4758
9818|2236
9819|4759
9821|4760
9821|4761
9822|4762
9822|4763
9823|4764
9825|4765
9826|4766
9826|4767
9826|4768
9830|4769
9831|4770
9833|4771
9837|4772
9838|4314
9838|4773
9838|257
9839|4774
9840|4775
9846|4776
9847|4777
9853|4778
9855|4779
9857|210
9857|4780
9858|4781
9861|4782
9864|4783
9864|1396
9872|4784
9875|4785
9880|4786
9882|4787
9883|4788
9884|4789
9884|4790
9887|4791
9887|4792
9888|4793
9891|4794
9893|4795
9896|4796
9899|4797
9903|4798
9908|4799
9909|4800
9910|4732
9912|4801
9912|4802
9913|4803
9919|4804
9921|4805
9927|4806
9932|4807
9934|4808
9942|4809
9942|4810
9943|4811
9943|306
9944|4812
9952|4277
9954|4813
9954|4814
9957|4815
9958|4816
9960|4817
9962|4818
9962|4819
9968|4820
9969|4821
9969|4822
9973|4823
9973|4824
9978|4825
9978|4826
9980|4827
9983|4828
9984|4829
9986|4830
9988|4831
9990|4832
9991|4833
9993|4834
9999|4835
10000|4836